Feature_ID	VIP_comp_1	Loading	mz	RT	Corr_ID	Compound_Name
3793	4.327119	-0.05059	162.0551	2.834888	55	Spectral Match to Indole-2-carboxylic acid from NIST14
3798	3.984403	0.04658	493.2815	2.848764	76	NA
1710	3.849052	0.044997	270.1926	1.589707	31	NA
683	3.758205	0.043935	241.1547	0.715136	388	N,N-dimethyl-proline-proline betaine
340	3.704821	0.043311	229.1548	0.542662	388	229 TMAP based onhttps://pubs.acs.org/doi/abs/10.1021/acs.analchem.1c04378
1744	3.661325	0.042803	281.1497	1.40348	84	NA
7100	3.657333	-0.04276	293.2474	5.075865	NA	Spectral Match to 9Z,11E,13E-Octadecatrienoic acid methyl ester from NIST14
490	3.618458	0.042302	229.1548	0.602969	388	NA
629	3.608785	0.042189	229.1548	0.682696	388	229 TMAP based onhttps://pubs.acs.org/doi/abs/10.1021/acs.analchem.1c04378
2665	3.593429	0.042009	346.1157	2.212977	433	NA
529	3.554805	0.041557	241.1546	0.629396	388	N,N-dimethyl-proline-proline betaine
7280	3.537376	0.041354	513.3196	5.209908	141	NA
3524	3.523993	0.041197	365.1557	2.679751	509	NA
7284	3.480289	-0.04069	499.3377	5.151648	451	NA
1531	3.474918	0.040624	281.1497	1.364446	84	NA
7258	3.471849	-0.04059	293.2474	5.238387	2	Spectral Match to 13(S)-HODE methyl ester from NIST14
331	3.44663	0.040293	280.1392	0.531508	205	NA
6391	3.412276	0.039891	410.2902	4.632852	355	NA
316	3.397173	0.039715	241.1546	0.575134	388	NA
3537	3.387626	-0.0396	330.1198	2.680361	509	NA
6054	3.372599	0.039427	394.2259	4.333078	256	NA
6871	3.348285	0.039143	391.2151	4.928891	169	NA
1859	3.337636	0.039019	307.1653	1.643467	31	NA
4228	3.325057	-0.03887	235.1078	3.116378	NA	NA
2166	3.297751	0.038552	183.1015	1.935224	NA	NA
1272	3.296	0.038532	229.1548	1.168315	175	Spectral Match to Pro-Leu from NIST14
1539	3.294132	0.03851	282.154	1.372253	84	NA
1245	3.288039	-0.03844	260.1063	1.138259	NA	NA
5087	3.268395	-0.03821	593.3332	3.665219	256	NA
2836	3.243345	-0.03792	355.114	2.29346	239	NA
2828	3.228961	0.037748	161.1075	2.285873	NA	tryptamine CollisionEnergy:205060
4120	3.223314	0.037682	179.1068	3.048755	360	NA
427	3.204691	-0.03746	154.0976	0.540284	458	Candidate Histamine-C2:0 (delta mass:42.0104)
5845	3.187452	0.037263	410.2211	4.206835	256	NA
3207	3.175767	-0.03713	449.2323	2.459795	NA	NA
7201	3.17216	0.037084	517.3501	5.152151	NA	NA
715	3.166405	0.037017	254.1609	0.746371	388	NA
1426	3.153877	0.03687	210.0799	1.279225	329	Candidate Taurine-C5:0 (delta mass:84.0581)
1069	3.147217	0.036793	200.0354	1.036219	NA	NA
5108	3.121593	-0.03649	595.3448	3.678758	256	Stercobilin
542	3.113507	0.036398	242.1583	0.720459	388	NA
5165	3.108821	0.036344	494.2261	3.728542	NA	NA
6055	3.10298	0.036275	399.1812	4.339295	256	NA
380	3.0881	0.036101	294.1548	0.646276	205	Massbank:PR310824 N-Fructosyl isoleucine
6508	3.053438	0.035696	344.2796	4.705407	1	LAUROYLCARNITINE
325	3.053299	-0.03569	130.0865	0.433013	378	L-PIPECOLIC ACID - 50.0 eV
528	3.051976	0.035679	235.1189	0.594265	388	Spectral Match to His-Pro from NIST14
3997	3.045456	0.035603	885.5056	2.967194	124	NA
3522	3.024062	0.035353	291.1457	2.6758	NA	NA
6572	3.017635	-0.03528	279.2319	4.6981	NA	Spectral Match to 9(10)-EpOME from NIST14
5409	2.992745	0.034987	401.3377	3.8954	477	NA
436	2.981373	-0.03485	146.1177	0.519521	18	NA
4184	2.978313	0.034818	502.2902	3.038741	100	NA
954	2.972359	0.034748	181.0973	0.889023	175	NA
111	2.967917	0.034696	251.1603	0.3851	498	NA
5257	2.964578	0.034657	400.2693	3.935092	256	NA
6365	2.959798	-0.0346	279.2319	4.610948	504	Spectral Match to 9(10)-EpOME from NIST14
4175	2.958247	-0.03458	146.0602	3.044826	NA	2-Hydroxyquinoline CollisionEnergy:205060
1718	2.952653	0.034518	235.1096	1.600515	NA	NA
6864	2.943375	0.03441	408.2418	4.907803	169	NA
1804	2.937888	0.034345	192.1021	1.64417	NA	NA
3792	2.931261	-0.03427	258.2064	2.840703	372	NA
6809	2.928032	0.03423	370.2953	4.915829	80	NA
2531	2.911451	0.034036	265.1549	2.287908	214	Spectral Match to Phe-Val from NIST14
7591	2.909845	0.034018	495.3084	5.558492	176	NA
3914	2.898817	0.033889	634.334	2.911372	100	NA
737	2.895074	0.033845	256.1768	0.765196	388	NA
891	2.881427	0.033685	328.1391	0.898849	175	Massbank:PR310826 N-Fructosyl phenylalanine
653	2.871129	0.033565	210.076	0.662357	NA	NA
3960	2.869352	0.033544	262.1652	2.996389	NA	NA
6539	2.857606	0.033407	368.2796	4.690112	1	NA
3973	2.856254	0.033391	454.234	2.958629	42	NA
3795	2.855977	0.033388	985.5546	2.847461	76	NA
6041	2.849456	0.033312	414.3211	4.34952	256	NA
1199	2.848356	0.033299	227.1026	1.115356	175	Spectral Match to PyroGlu-Pro from NIST14
3943	2.847939	0.033294	738.3689	2.944052	124	NA
3992	2.844221	0.03325	335.1716	2.970908	42	NA
7239	2.841393	-0.03322	615.3643	5.218713	2	NA
288	2.841376	-0.03322	217.0684	0.47001	323	NA
1328	2.840995	0.033213	160.0759	1.166176	54	NA
1054	2.838821	-0.03319	362.1579	0.98786	502	NA
1239	2.833065	0.03312	182.0793	1.138546	175	NA
320	2.824446	-0.03302	154.0976	0.503649	458	Candidate Histamine-C2:0 (delta mass:42.0104)
208	2.821332	0.032983	319.1623	0.448046	264	NA
3467	2.810465	-0.03286	239.1391	2.652376	509	NA
3929	2.802196	0.032759	444.2761	2.919537	100	NA
858	2.797756	0.032707	253.1547	0.875263	NA	NA
1061	2.795144	0.032677	238.1076	1.00286	NA	NA
2495	2.781544	-0.03252	343.1874	2.138076	NA	NA
6179	2.766795	0.032345	430.3165	4.459969	409	"Candidate Dihydroxylated bile acid (delta mass 37.0162; sirius atomic difference: -1C, 3H, 1N, 2O; buddy atomic difference: -1C, 3H, 1N, 2O)"
993	2.76398	0.032312	395.203	1.00837	71	NA
1391	2.761443	0.032283	196.1448	1.267564	329	NA
309	2.75878	-0.03225	190.1439	0.480463	NA	NA
5589	2.757463	-0.03224	229.1435	4.053288	445	Traumatic Acid - 40.0 eV
6255	2.750509	0.032155	342.2639	4.500218	383	NA
6211	2.747642	-0.03212	313.2373	4.507488	495	NA
6311	2.747484	-0.03212	277.2164	4.504528	495	NA
5769	2.747387	0.032118	359.3268	4.160777	256	NA
1204	2.745454	0.032096	146.1178	1.125478	NA	NA
521	2.743984	0.032079	215.1391	0.680151	205	Spectral Match to Pro-Val from NIST14
1587	2.741734	0.032052	223.1442	1.292106	NA	NA
3656	2.728897	0.031902	620.3184	2.753856	292	NA
5879	2.728561	0.031898	392.2101	4.244053	256	NA
4114	2.703147	0.031601	373.2569	3.035393	360	NA
1009	2.699957	-0.03156	373.1601	0.969251	280	NA
119	2.696986	0.031529	274.1398	0.404359	513	NA
6511	2.694635	0.031502	319.1904	4.708046	62	NA
4720	2.691494	0.031465	484.2797	3.426676	233	NA
5396	2.689843	0.031446	432.2417	3.947299	NA	NA
7943	2.685292	0.031392	502.3589	5.883294	79	NA
6673	2.675076	-0.03127	295.2267	4.821563	147	NA
572	2.671488	0.031231	166.0724	0.618246	388	NA
3459	2.665374	0.03116	441.2239	2.661461	75	NA
4717	2.661989	0.03112	416.2264	3.418335	83	NA
1224	2.658553	-0.03108	419.1772	1.132953	175	NA
1159	2.648167	0.030958	328.1391	0.964857	175	NA
7328	2.644899	0.03092	398.3268	5.279836	298	NA
7950	2.644037	0.03091	501.3554	5.889348	79	NA
5664	2.641374	0.030879	402.2843	4.027996	256	NA
3815	2.641309	0.030878	347.1677	2.859967	242	NA
2650	2.639666	-0.03086	298.1162	2.204938	NA	NA
1785	2.632293	-0.03077	315.1822	1.584915	31	NA
7136	2.631652	-0.03077	598.3376	5.154593	2	NA
7730	2.631321	-0.03076	481.3288	5.661551	195	NA
1903	2.627161	-0.03071	286.1397	1.767052	82	NA
3144	2.624433	0.030681	309.1808	2.398371	NA	NA
6060	2.622081	0.030653	359.1884	4.357466	256	NA
445	2.618373	-0.03061	176.1283	0.556404	253	NA
3913	2.617554	0.030601	565.1555	2.910387	42	Corymboside
4129	2.615554	0.030577	243.1229	3.048581	360	NA
1310	2.612639	0.030543	395.2033	1.197985	175	NA
4365	2.612568	0.030542	556.3278	3.208658	NA	NA
7009	2.609553	0.030507	396.3111	5.038479	NA	"Candidate Dihydroxylated bile acid (delta mass 3.0112; sirius atomic difference: -1C, 1H, 1N; buddy atomic difference: -1C, 1H, 1N)"
2032	2.609238	0.030503	304.1766	1.812973	82	NA
1838	2.6084	0.030494	260.1394	1.63202	NA	NA
3692	2.603203	-0.03043	273.1234	2.76036	509	NA
7291	2.596857	0.030359	503.3706	5.204888	NA	NA
892	2.59348	0.030319	371.145	0.900031	NA	NA
151	2.591394	0.030295	246.1813	0.43005	NA	NA
3128	2.589324	-0.03027	371.1932	2.456245	NA	NA
5237	2.575789	0.030112	406.1499	3.787407	431	NA
4194	2.574667	0.030099	366.2028	3.095433	NA	NA
3967	2.570986	0.030056	305.1611	2.952042	42	NA
2675	2.567724	0.030018	211.1164	2.299419	214	NA
3989	2.56566	0.029994	874.4422	2.969561	NA	NA
296	2.561555	0.029946	101.0603	0.457045	290	Spectral Match to 5-Aminovaleric acid from NIST14
3356	2.552738	0.029843	486.2929	2.583382	NA	NA
4200	2.549306	0.029803	468.2502	3.127709	42	NA
3708	2.539304	0.029686	539.3235	2.773274	76	NA
643	2.538652	0.029678	357.2495	0.606109	388	Spectral Match to Ile-Pro-Lys from NIST14
6872	2.538574	-0.02968	435.1788	4.948208	169	NA
2892	2.531348	-0.02959	511.2913	2.408532	NA	NA
6980	2.530587	0.029584	511.3034	4.891473	426	NA
1411	2.521782	0.029481	247.129	1.242282	184	NA
6279	2.517357	0.029429	457.3349	4.603256	194	NA
1494	2.514935	-0.0294	387.1895	1.328705	184	NA
707	2.513497	0.029384	174.149	0.733289	205	NA
3752	2.507231	-0.02931	354.1448	2.812953	372	NA
6384	2.507212	0.029311	456.3323	4.622091	194	NA
7117	2.503909	0.029272	372.3109	5.130559	416	Massbank:RP025402 Tetradecanoyl-L-Carnitine|L-Myristoylcarnitine|(3R)-3-tetradecanoyloxy-4-(trimethylazaniumyl)butanoate
2851	2.503636	-0.02927	387.1753	2.279989	239	NA
584	2.502249	0.029253	276.1441	0.659819	205	Massbank:PR310825 N-Fructosyl isoleucine
3948	2.497803	0.029201	267.1211	2.889792	NA	NA
8075	2.49769	-0.0292	427.2825	5.975138	379	NA
7089	2.49731	-0.02919	391.2842	5.112361	2	"Candidate Trihydroxylated bile acid (delta mass -18.0106; sirius atomic difference: -2H, -1O; buddy atomic difference: -2H, -1O; spectral library match to CCMSLIB00003135123, Spectral Match to 12-Ketodeoxycholic acid from NIST14)"
786	2.493132	0.029146	306.1457	0.797523	205	NA
4156	2.491324	-0.02912	535.1452	3.058727	NA	NA
1194	2.490304	0.029113	142.0865	1.136307	175	NA
1295	2.487256	0.029077	247.129	1.197292	175	Spectral Match to Asp-Leu from NIST14
6718	2.48595	-0.02906	281.2476	4.858253	191	MoNA:790553 Linoleic acid
785	2.48242	0.029021	339.1544	0.7414	NA	NA
322	2.479449	0.028986	357.2496	0.437113	328	NA
8367	2.47694	-0.02896	645.5007	6.176298	40	NA
250	2.476396	0.02895	114.0666	0.440385	290	NA
3732	2.474795	0.028932	461.2288	2.853019	NA	NA
637	2.470385	0.02888	494.2105	0.687048	NA	NA
3983	2.470378	0.02888	271.1525	2.974516	NA	NA
7425	2.468802	-0.02886	807.5751	5.387258	422	"(4R)-4-((5S,7R,9S,10S,12S,13R,14S,17R)-7,12-dihydroxy-10,13-dimethylhexadecahydro-1H-cyclopenta[a]phenanthren-17-yl)pentanoic acid"
2543	2.466269	-0.02883	767.3943	2.160815	NA	NA
2895	2.462105	0.028783	423.2608	2.312571	NA	NA
1241	2.460651	0.028766	488.3084	1.146887	NA	NA
3963	2.449174	0.028632	738.702	2.946842	124	NA
4531	2.447037	0.028607	197.1175	3.320708	NA	Loliolide
8128	2.43971	0.028521	501.3554	5.976123	NA	NA
3539	2.437916	0.0285	370.1126	2.679845	NA	NA
2591	2.436337	0.028482	425.1928	2.187561	36	NA
6396	2.432003	0.028431	411.2937	4.634655	355	NA
1998	2.42276	0.028323	251.0892	1.819351	NA	NA
7506	2.41868	-0.02828	408.3108	5.440001	47	"Candidate Trihydroxylated bile acid (delta mass -0.9841; sirius atomic difference: 1H, 1N, -1O; buddy atomic difference: 1H, 1N, -1O)"
6993	2.418557	0.028274	511.3034	4.985575	12	NA
3724	2.417727	0.028264	246.1701	2.817698	9	NA
4500	2.415993	0.028244	279.1706	3.298973	NA	Spectral Match to Phe-Leu from NIST14
5559	2.409736	0.028171	853.402	4.083193	43	NA
3707	2.405998	0.028127	441.224	2.725921	NA	NA
7426	2.400527	-0.02806	410.3263	5.363836	422	"Candidate Dihydroxylated bile acid (delta mass 17.0266; sirius atomic difference: 3H, 1N; buddy atomic difference: 3H, 1N)"
3995	2.400209	0.02806	564.3601	2.970933	NA	NA
8430	2.400054	-0.02806	297.2419	6.217714	141	Spectral Match to 12(13)-Epoxy-9Z-octadecenoic acid from NIST14
4994	2.396417	0.028015	534.3292	3.658933	256	NA
6852	2.396115	0.028012	414.3216	4.954441	313	NA
1365	2.395257	0.028002	122.0968	1.253986	180	"2,6-Xylidine"
1822	2.387643	0.027913	207.113	1.544329	NA	NA
1382	2.386721	0.027902	208.1334	1.261133	NA	NA
8263	2.382554	-0.02785	483.3445	6.133875	266	NA
6180	2.380916	0.027834	531.3299	4.534631	NA	NA
8354	2.379296	-0.02782	427.3208	6.230998	40	NA
2978	2.379251	0.027815	585.3144	2.346442	214	NA
7036	2.372992	0.027741	470.3479	5.067118	NA	NA
6589	2.372984	0.027741	378.231	4.756342	NA	NA
4272	2.366038	-0.02766	473.24	3.144199	140	NA
3979	2.365323	0.027652	333.1329	2.958113	NA	NA
562	2.365184	0.02765	220.1181	0.685678	NA	NA
606	2.362401	-0.02762	375.213	0.664841	NA	NA
4776	2.361495	0.027607	651.3606	3.352465	391	NA
1819	2.360493	0.027595	234.1239	1.60916	NA	NA
6682	2.358611	-0.02757	595.3485	4.828754	110	NA
5111	2.35734	-0.02756	591.318	3.679375	230	Spectral Match to Urobilin from NIST14
2938	2.356706	0.027551	389.6956	2.319969	NA	NA
7847	2.356293	0.027546	495.3081	5.751738	NA	NA
8423	2.356178	-0.02754	465.334	6.309166	NA	NA
664	2.354605	0.027527	194.0814	0.672554	205	NA
7427	2.35275	-0.0275	357.2786	5.358291	422	"Candidate Dihydroxylated bile acid (delta mass -36.0213; sirius atomic difference: -4H, -2O; buddy atomic difference: -4H, -2O; spectral library match to CCMSLIB00005463909, DEOXYCHOLATE)"
4628	2.349993	-0.02747	457.3392	3.365859	NA	NA
4250	2.349384	0.027465	625.3075	3.132289	42	NA
3834	2.347956	0.027449	385.22	2.8628	NA	NA
7428	2.346794	-0.02744	785.5926	5.359723	422	"Candidate Dihydroxylated bile acid (delta mass 392.2915; sirius atomic difference: 24C, 40H, 4O; buddy atomic difference: 24C, 40H, 4O; spectral library match to CCMSLIB00003134943, Spectral Match to Deoxycholic acid from NIST14)"
1366	2.346101	0.027427	105.0704	1.254857	180	NA
4301	2.344149	-0.0274	443.2295	3.169868	140	NA
1743	2.341002	0.027368	231.1705	1.539688	184	Spectral Match to Leu-Val from NIST14
4946	2.340661	0.027364	516.2996	3.676045	256	NA
7272	2.339858	-0.02735	406.2952	5.232968	2	"Candidate Trihydroxylated bile acid (delta mass -2.996; sirius atomic difference: -1H, 1N, -1O; buddy atomic difference: -1H, 1N, -1O)"
2606	2.339519	0.02735	225.1235	2.143716	127	NA
1093	2.339002	0.027344	247.129	1.157737	175	NA
3517	2.338932	-0.02734	555.3186	2.665597	NA	NA
1579	2.336539	0.027315	300.0985	1.44587	NA	NA
5334	2.336527	0.027315	651.292	3.886766	NA	NA
4099	2.335993	0.027309	208.043	3.034894	NA	NA
4605	2.333089	0.027275	387.1589	3.36374	307	NA
6708	2.321806	-0.02714	339.2507	4.867111	191	NA
7066	2.321313	-0.02714	515.3347	5.063297	484	NA
1246	2.320352	0.027126	366.2146	1.123878	NA	NA
1739	2.318405	0.027103	375.1888	1.566429	NA	NA
6948	2.316817	-0.02708	335.2193	5.014332	212	NA
6535	2.312924	-0.02704	400.3061	4.700567	NA	NA
2575	2.311601	0.027024	272.2335	2.171554	NA	NA
6775	2.311058	0.027017	513.3194	4.902991	426	NA
6008	2.309087	-0.02699	297.2426	4.221363	35	Spectral Match to 9(10)-EpOME from NIST14
3739	2.305366	0.026951	308.1842	2.744296	NA	NA
7227	2.30475	-0.02694	297.2425	5.167913	NA	Spectral Match to 12(13)-Epoxy-9Z-octadecenoic acid from NIST14
4841	2.302976	0.026923	1043.59	3.503931	NA	NA
5953	2.293145	0.026808	382.259	4.285228	256	NA
3900	2.292457	0.0268	671.41	2.907491	NA	NA
2741	2.292442	-0.0268	496.1549	2.248147	NA	NA
7538	2.291398	-0.02679	599.3693	5.486778	47	NA
327	2.287529	0.026742	137.0711	0.460249	290	1-METHYLNICOTINAMIDE - 30.00 eV
5264	2.286222	0.026727	888.4832	3.814571	NA	NA
611	2.285743	0.026721	233.1132	0.669156	205	NA
1086	2.284464	0.026707	199.1079	1.036172	175	NA
4287	2.280841	0.026664	498.2604	3.155328	42	NA
1844	2.276137	0.026609	209.128	1.616079	177	NA
871	2.274935	-0.0266	357.2139	0.88752	NA	NA
1311	2.268778	0.026523	266.1384	1.184377	NA	NA
5164	2.267324	0.026506	381.1811	3.719746	44	(Z)-3-(4-hydroxyphenyl)-N-[4-[[(E)-3-(4-hydroxyphenyl)prop-2-enoyl]amino]butyl]prop-2-enamide
3457	2.266483	0.026496	598.2878	2.636905	331	NA
5051	2.26467	0.026475	480.2783	3.682803	256	"Candidate Trihydroxylated bile acid (delta mass 70.9856; buddy atomic difference: 3C, -3H, 5N, -4O, 1S; spectral library match to CCMSLIB00005465562, ""2-((4R)-4-((3R,5S,9S,10S,13R,14S,17R)-3-hydroxy-10,13-dimethyl-7-oxohexadecahydro-1H-cyclopenta[a]phenanthren-17-yl)pentanamido)ethane-1-sulfonic acid"")"
1640	2.261397	0.026437	253.1295	1.425163	NA	NA
2468	2.259663	0.026417	298.0971	2.118015	82	5'-METHYLTHIOADENOSINE
379	2.258881	0.026407	234.0976	0.529677	205	NA
2980	2.2535	-0.02634	390.1867	2.30102	387	NA
7465	2.250363	0.026308	424.3419	5.396246	NA	NA
2695	2.248082	0.026281	356.7088	2.206613	NA	NA
1240	2.244401	-0.02624	458.2365	1.134463	175	NA
4374	2.239976	0.026186	431.2181	3.2118	374	NA
2849	2.238266	-0.02617	493.2818	2.2894	214	NA
1390	2.237523	0.026158	204.1022	1.266396	NA	NA
1812	2.23288	0.026104	295.165	1.578248	31	NA
7093	2.230186	0.026072	511.3033	5.030803	12	NA
5370	2.22941	0.026063	455.2182	3.916129	256	NA
6304	2.226408	0.026028	386.2902	4.558703	NA	NA
4741	2.225369	0.026016	330.264	3.509738	NA	NA
1578	2.221567	0.025971	211.1555	1.407133	NA	NA
3325	2.221378	-0.02597	256.1908	2.552524	509	NA
1694	2.219833	-0.02595	316.1509	1.5038	184	NA
5293	2.218659	0.025937	620.3337	3.839492	262	NA
3970	2.217734	0.025926	472.2813	2.957088	100	NA
6289	2.208897	0.025823	445.304	4.543626	495	NA
1552	2.207067	0.025802	237.1599	1.384744	306	NA
2898	2.204223	-0.02577	286.1402	2.310427	214	NA
7816	2.198638	-0.0257	483.3441	5.74717	NA	NA
5304	2.19813	0.025697	649.2766	3.94518	256	NA
1376	2.19783	0.025694	230.0484	1.243017	NA	NA
633	2.196081	0.025673	203.1392	0.651591	205	NA
314	2.195598	0.025668	266.1239	0.461458	205	NA
359	2.194323	0.025653	303.1548	0.522251	388	NA
618	2.193326	-0.02564	160.097	0.667206	353	NA
3723	2.19257	0.025632	448.1538	2.783225	76	NA
4660	2.191974	0.025625	385.2125	3.392734	NA	NA
386	2.191462	0.025619	231.1901	0.573265	456	NA
731	2.1881	0.02558	217.1548	0.757165	205	Spectral Match to Val-Val from NIST14
7094	2.187071	-0.02557	408.3107	5.113184	2	"Candidate Trihydroxylated bile acid (delta mass -0.9846; sirius atomic difference: 1H, 1N, -1O; buddy atomic difference: 1H, 1N, -1O)"
6344	2.186463	0.025561	378.2308	4.651385	504	NA
5496	2.185322	0.025548	649.2767	3.993967	256	NA
8530	2.184851	-0.02554	321.24	6.418496	10	NA
6679	2.184142	-0.02553	617.3307	4.826623	110	NA
1130	2.181811	0.025506	211.1071	0.992796	203	NA
1993	2.178548	0.025468	187.1807	1.780563	NA	NA
4620	2.178134	0.025463	305.1863	3.367943	307	NA
4315	2.176369	0.025443	401.2075	3.189491	396	NA
5352	2.173805	-0.02541	309.087	3.902053	256	NA
3756	2.17367	0.025411	309.1811	2.821419	NA	NA
6787	2.1725	-0.0254	515.3346	4.964493	NA	NA
6762	2.171857	0.02539	455.3157	4.913911	426	NA
1777	2.169804	0.025366	271.1963	1.591067	31	NA
3719	2.169022	0.025357	458.2656	2.781513	292	NA
2566	2.168426	-0.02535	144.081	2.174946	NA	Massbank:PR310882 Tryptophanol (not validated)
7520	2.167823	-0.02534	582.3425	5.45372	47	NA
3331	2.165763	0.025319	240.0326	2.575018	NA	NA
5597	2.165632	0.025317	857.949	4.053499	436	NA
4545	2.16528	-0.02531	395.2907	3.327034	256	NA
442	2.158564	0.025235	190.1076	0.565648	NA	NA
5940	2.157636	0.025224	428.3009	4.282476	256	NA
3627	2.156523	0.025211	287.1384	2.720502	370	NA
601	2.154818	0.025191	247.1287	0.634025	NA	NA
3245	2.147994	-0.02511	415.1139	2.48939	NA	NA
555	2.147764	0.025108	233.1495	0.617667	205	Spectral Match to Ile-Thr from NIST14
2837	2.147367	0.025104	745.448	2.274475	NA	NA
654	2.145293	0.02508	391.2378	0.708589	NA	NA
218	2.145285	-0.02508	148.0606	0.439483	345	Spectral Match to L-Glutamic acid from NIST14
4030	2.144834	0.025074	417.2023	2.984151	100	NA
1792	2.143315	0.025056	384.1151	1.583535	184	R-N6-succinyladenosine
7098	2.142636	-0.02505	413.2659	5.111538	2	NA
2621	2.14079	0.025027	348.1553	2.212912	36	NA
4440	2.133979	0.024947	709.3822	3.262317	NA	NA
202	2.133109	-0.02494	222.0198	0.438151	518	NA
2504	2.132094	0.024925	311.1604	2.146043	36	NA
3665	2.131338	-0.02492	224.1283	2.751348	509	NA
5552	2.130708	0.024909	884.4158	4.109184	43	NA
1415	2.129348	0.024893	231.1705	1.274116	175	Spectral Match to Leu-Val from NIST14
7617	2.127679	-0.02487	313.2735	5.567385	437	NA
6547	2.127262	0.024869	230.0635	4.740091	NA	NA
3051	2.12647	-0.02486	393.1747	2.392069	NA	NA
8618	2.126451	-0.02486	300.2896	6.502737	NA	Spectral Match to Palmitoyl ethanolamide from NIST14
7507	2.125879	-0.02485	409.3141	5.442282	47	NA
4564	2.123796	0.024828	255.1586	3.294048	256	NA
6625	2.122427	0.024812	519.365	4.74479	NA	NA
7440	2.122168	0.024809	503.3706	5.412331	NA	NA
4407	2.121287	0.024799	400.187	3.261369	NA	NA
5913	2.11963	-0.02478	328.2483	4.257995	NA	NA
808	2.119262	-0.02478	160.0758	0.829233	276	5_hydroxy_tryptophol
7283	2.118246	0.024763	419.1839	5.232254	NA	NA
4310	2.117762	0.024758	371.1277	3.210325	NA	NA
2811	2.115915	-0.02474	210.1127	2.257212	214	NA
2424	2.115096	-0.02473	324.1449	2.096854	NA	histidyltryptophyldiketopiperazine
6005	2.11447	-0.02472	355.2454	4.221711	35	NA
4218	2.108632	-0.02465	457.1973	3.057738	NA	NA
1644	2.108363	0.024648	278.1793	1.439005	30	NA
1768	2.106752	0.024629	267.1819	1.578571	NA	NA
3509	2.106531	0.024626	252.1231	2.69132	232	NA
2931	2.10455	0.024603	586.3194	2.337183	214	NA
1890	2.100514	-0.02456	366.178	1.687052	229	NA
5457	2.097149	0.024517	879.3819	3.97105	256	NA
4124	2.095326	0.024495	600.2922	3.041399	42	NA
3560	2.090227	0.024436	278.174	2.69164	174	NA
766	2.083853	0.024361	494.1985	0.790437	NA	NA
3576	2.082397	-0.02434	229.097	2.699609	509	NA
3236	2.081325	0.024332	497.3132	2.48352	NA	NA
1283	2.079187	0.024307	251.0776	1.187612	NA	NA
5081	2.079119	0.024306	498.2877	3.641396	256	"2-((4R)-4-((3R,5R,6S,7R,9S,10R,13R,14S,17R)-3,6,7-trihydroxy-10,13-dimethylhexadecahydro-1H-cyclopenta[a]phenanthren-17-yl)pentanamido)ethane-1-sulfonic acid"
4574	2.077832	0.024291	673.3423	3.356042	NA	NA
3849	2.074244	-0.02425	338.2066	2.946873	193	NA
2426	2.074133	0.024248	729.3898	2.083262	NA	NA
2918	2.07148	-0.02422	378.1665	2.324242	214	NA
571	2.070999	-0.02421	165.0547	0.632632	205	Spectral Match to L-Tyrosine from NIST14
3744	2.066808	0.024162	560.2044	2.814402	NA	NA
4597	2.06669	0.024161	1038.01	3.337166	NA	NA
6258	2.064173	-0.02413	366.2638	4.49111	409	NA
2724	2.059588	0.024078	509.2767	2.24064	NA	NA
5333	2.059174	0.024073	460.2909	3.882714	256	Glu-C22:5
5657	2.058277	0.024062	193.1225	4.088567	445	NA
1264	2.055499	-0.02403	546.289	1.153607	459	NA
5228	2.055191	0.024026	255.0652	3.783936	NA	NA
2340	2.055049	-0.02402	338.1349	2.056285	82	NA
2655	2.054735	0.024021	361.6953	2.215586	NA	NA
2469	2.054642	-0.02402	447.2172	2.135348	NA	NA
2354	2.053321	-0.024	376.1715	1.995426	NA	NA
5658	2.047029	0.023931	246.17	4.088689	445	NA
3306	2.046991	-0.02393	319.1513	2.535657	509	NA
5483	2.04504	0.023908	516.2994	3.989804	256	"2-((4R)-4-((3R,5S,7R,9S,10S,12S,13R,14S,17R)-3,7,12-trihydroxy-10,13-dimethylhexadecahydro-1H-cyclopenta[a]phenanthren-17-yl)pentanamido)ethane-1-sulfonic acid"
7222	2.044326	0.023899	407.2408	5.19938	69	NA
1907	2.040367	0.023853	510.2932	1.711117	NA	NA
1615	2.038844	0.023835	224.0918	1.436016	30	NA
3460	2.03865	-0.02383	358.1971	2.755024	76	NA
4888	2.038343	0.023829	470.2654	3.425278	322	NA
1163	2.037865	-0.02382	432.2459	1.087247	175	NA
5213	2.034571	0.023785	177.0544	3.776424	44	Spectral Match to 3-Hydroxy-4-methoxycinnamic acid from NIST14
964	2.033748	0.023776	224.0554	0.93014	175	NA
4089	2.033003	0.023767	325.1761	3.042484	483	NA
4288	2.031532	-0.02375	350.2075	3.222315	NA	NA
3787	2.030506	0.023738	328.1547	2.832363	288	NA
573	2.029104	-0.02372	136.0758	0.633583	205	NA
3872	2.028958	0.02372	345.1429	2.957877	NA	NA
8301	2.026292	-0.02369	279.2319	6.174554	141	Spectral Match to 9(10)-EpOME from NIST14
4003	2.024943	-0.02367	401.1595	3.073908	NA	NA
5477	2.024771	0.023671	498.2894	3.99019	256	"Candidate Trihydroxylated bile acid (delta mass 88.9927; sirius atomic difference: 2C, 3H, 1N, 1O, 1S; spectral library match to CCMSLIB00005435562, taurocholic acid)"
3456	2.024353	0.023666	474.2603	2.634032	NA	NA
2234	2.020464	-0.02362	456.2093	1.987024	358	NA
663	2.017001	0.02358	190.1076	0.663911	NA	NA
3390	2.013792	-0.02354	289.1397	2.594667	8	NA
8021	2.013108	-0.02353	277.2162	5.936986	469	Spectral Match to 13-Keto-9Z,11E-octadecadienoic acid from NIST14
5382	2.011858	0.02352	600.2086	3.896427	NA	NA
5598	2.011636	0.023517	857.4472	4.054557	436	NA
1483	2.008512	0.023481	218.0926	1.308917	492	NA
3699	2.00733	-0.02347	336.1919	2.752247	509	NA
7266	2.006011	-0.02345	392.2479	5.188653	2	NA
166	2.003269	-0.02342	296.0661	0.41914	NA	NA
460	2.001571	0.023399	274.092	0.570094	NA	NA
1092	1.999576	0.023376	374.1823	1.05867	NA	NA
413	1.998836	0.023367	250.1286	0.543987	520	NA
3037	1.998817	-0.02337	525.7653	2.382603	NA	NA
7421	1.997632	-0.02335	415.2813	5.362692	422	NA
1666	1.997553	0.023352	273.1083	1.478819	249	NA
6025	1.993162	0.023301	385.3424	4.333777	256	NA
794	1.99197	-0.02329	341.1466	0.873726	175	NA
323	1.990358	0.023268	250.1285	0.50582	520	NA
6495	1.986434	0.023222	443.3562	4.691505	1	NA
769	1.986362	0.023222	173.165	0.784794	NA	Candidate Cadaverine-C4:0 (delta mass:70.0418)
4118	1.984178	0.023196	438.2392	3.101488	42	Massbank:PR311082 Dicoumaroyl Spermidine
814	1.982426	-0.02318	334.1607	0.78524	205	NA
4002	1.982404	0.023175	366.2368	2.985287	NA	NA
7096	1.981757	-0.02317	373.2737	5.102608	2	"Candidate Trihydroxylated bile acid (delta mass -36.0215; sirius atomic difference: -4H, -2O; buddy atomic difference: -4H, -2O; spectral library match to CCMSLIB00005464896, ""(R)-4-((3R,5R,8R,9S,10S,12S,13R,14S,17R)-3,12-dihydroxy-10,13-dimethylhexadecahydro-1H-cyclopenta[a]phenanthren-17-yl)pent-2-enoic acid"")"
7722	1.980997	-0.02316	415.3029	5.668168	NA	NA
4881	1.976562	-0.02311	348.1441	3.527558	NA	NA
6483	1.976411	0.023105	459.2835	4.676394	NA	NA
6061	1.97202	0.023054	377.1992	4.348172	256	NA
4690	1.963472	-0.02295	462.2891	3.41806	256	NA
4866	1.96313	-0.02295	395.2907	3.377227	256	NA
6471	1.962796	0.022946	275.2007	4.654622	NA	NA
3919	1.962771	0.022946	883.5329	2.921307	100	NA
3177	1.962548	0.022943	465.3081	2.453223	220	NA
7374	1.962029	-0.02294	481.329	5.32779	NA	NA
3493	1.961039	0.022926	356.2183	2.654133	509	NA
3474	1.960882	-0.02292	286.144	2.650522	NA	NA
928	1.960185	0.022916	203.1392	0.943156	175	Spectral Match to L-Alanyl-L-norleucine from NIST14
3803	1.958385	0.022895	605.3378	2.858413	76	NA
3736	1.956649	0.022874	275.1393	2.846711	NA	NA
5768	1.955482	0.022861	383.3269	4.149745	256	NA
324	1.953913	-0.02284	141.066	0.508807	NA	4200-48-0
7047	1.9526	-0.02283	407.2997	5.169172	2	NA
3918	1.951127	0.02281	574.3131	2.907779	NA	NA
3241	1.948968	-0.02278	336.1078	2.504853	131	NA
1329	1.947657	-0.02277	332.1495	1.219713	492	NA
1976	1.946872	0.02276	229.1184	1.758986	60	Spectral Match to PyroGlu-Val from NIST14
971	1.943227	0.022717	100.0763	0.954131	NA	5_AMINOPENTANOATE
2902	1.942061	0.022704	336.2283	2.324565	200	NA
3127	1.941541	0.022698	273.0848	2.423428	NA	NA
407	1.941287	0.022695	189.1235	0.512673	NA	NA
516	1.940826	-0.02269	268.1176	0.590158	NA	NA
1594	1.938546	0.022663	304.1505	1.416423	184	NA
7452	1.936478	-0.02264	934.6141	5.382284	422	NA
3646	1.935603	-0.02263	600.2941	2.69492	NA	NA
6492	1.934621	0.022617	689.3468	4.69986	1	"Candidate Trihydroxylated bile acid (delta mass 280.0499; buddy atomic difference: 16C, 4H, 6N)"
358	1.933421	-0.0226	112.0874	0.394199	513	HISTAMINE - 50.0 eV
1576	1.933049	0.022598	229.1657	1.41029	NA	NA
2404	1.927376	-0.02253	303.0952	2.090882	82	NA
4178	1.927256	0.022531	180.1021	3.059668	406	NA
4868	1.926434	-0.02252	371.2407	3.528446	NA	NA
1501	1.925683	0.022512	365.1929	1.322376	184	NA
5491	1.925459	0.02251	533.3262	3.991762	256	TAUROCHOLIC ACID
2369	1.924909	0.022503	238.0711	2.067791	446	NA
8143	1.922586	-0.02248	429.3189	6.048709	NA	NA
1788	1.922323	-0.02247	368.1456	1.579802	184	NA
1978	1.921521	-0.02246	208.0606	1.766806	170	NA
911	1.920257	-0.02245	316.1874	0.901215	175	NA
931	1.919617	0.022441	314.1215	0.861279	NA	NA
2136	1.918427	-0.02243	529.2626	1.969541	82	NA
7752	1.91531	-0.02239	293.211	5.685253	45	NA
2429	1.914428	0.022381	596.378	2.097306	NA	NA
843	1.912665	0.02236	199.1079	0.835021	410	NA
6712	1.912298	-0.02236	317.2686	4.84821	191	NA
2123	1.912283	-0.02236	551.2441	1.927595	82	NA
4924	1.911287	0.022344	427.1867	3.55972	NA	NA
5182	1.909787	0.022326	288.1806	3.734762	NA	NA
1333	1.908852	0.022315	177.1024	1.225809	54	NA
2540	1.90858	-0.02231	355.1624	2.15297	82	NA
2061	1.906741	-0.02229	656.3248	1.859397	82	NA
1216	1.90671	0.02229	658.3522	1.130944	NA	NA
5103	1.905827	-0.02228	596.3473	3.662995	256	NA
4885	1.901944	0.022235	669.3027	3.537365	NA	NA
5245	1.901621	0.022231	389.1231	3.787425	431	NA
5670	1.90089	-0.02222	337.1546	4.048012	256	"Candidate Trihydroxylated bile acid (delta mass -72.1412; sirius atomic difference: -4C, -20H, 2N, -2O; buddy atomic difference: -4C, -20H, 2N, -2O)"
1621	1.900122	-0.02221	195.0656	1.413796	84	NA
7091	1.896454	-0.02217	803.5433	5.111045	2	NA
2214	1.893379	-0.02213	478.1918	1.993481	NA	NA
5107	1.892886	-0.02213	490.2115	3.67645	NA	NA
1136	1.891266	0.02211	116.071	1.058088	175	NA
3032	1.89014	0.022097	318.2026	2.465828	214	NA
3155	1.889696	-0.02209	300.1556	2.493425	214	NA
307	1.889476	0.022089	132.0769	0.452541	420	CREATINE - 30.0 eV
9000	1.888647	-0.02208	637.4632	6.91078	141	NA
428	1.887633	0.022067	132.1133	0.546224	NA	NA
556	1.88757	-0.02207	215.1027	0.625792	NA	NA
2253	1.886194	-0.02205	432.2459	1.940678	82	NA
2293	1.885916	0.022047	144.0657	1.998881	82	NA
5221	1.885254	0.02204	881.3965	3.779964	44	NA
177	1.880657	-0.02199	156.0422	0.3942	205	VALINE
6137	1.880606	0.021985	407.2792	4.429804	14	"Candidate Tetrahydroxylated bile acid (delta mass -18.0105; sirius atomic difference: -2H, -1O; buddy atomic difference: -2H, -1O; spectral library match to CCMSLIB00006581917, ""3alpha,7alpha-dihydroxy-12-oxo-5beta-cholanic acid"")"
7087	1.880402	-0.02198	798.5881	5.110948	2	"Candidate Trihydroxylated bile acid (delta mass 389.2932; sirius atomic difference: 24C, 39H, 1N, 3O; buddy atomic difference: 24C, 39H, 1N, 3O)"
1124	1.878712	0.021963	242.1863	1.077511	175	NA
8514	1.876857	0.021941	501.3554	6.41064	202	NA
6620	1.875775	-0.02193	313.2372	4.807695	438	NA
1347	1.872809	-0.02189	195.0656	1.249741	464	NA
1758	1.871239	-0.02188	472.245	1.597024	NA	NA
5585	1.870732	0.02187	438.2852	4.04656	309	NA
455	1.867055	-0.02183	124.0396	0.557948	18	NICOTINATE - 50.0 eV
915	1.866723	-0.02182	272.1241	0.900109	NA	NA
5072	1.864689	0.021799	408.1656	3.651246	161	NA
5263	1.864685	0.021799	853.4019	3.817743	262	NA
1293	1.862822	0.021777	273.0596	1.190077	NA	NA
1629	1.862336	-0.02177	188.0707	1.445331	207	Spectral Match to L-Tryptophan from NIST14
8012	1.859503	-0.02174	317.2087	5.927595	469	NA
5917	1.856212	0.0217	444.296	4.267719	256	NA
4839	1.854217	0.021677	521.1596	3.4959	393	NA
335	1.853457	0.021668	434.1887	0.467229	NA	NA
2255	1.851816	0.021649	399.2604	2.017081	358	NA
2737	1.851744	0.021648	249.1236	2.247258	NA	NA
9313	1.850404	-0.02163	313.2735	7.13649	211	NA
3284	1.849806	0.021625	302.2076	2.520864	214	NA
5880	1.84947	0.021621	339.1705	4.228098	171	NA
3141	1.848443	-0.02161	313.1623	2.555872	509	NA
1354	1.847125	0.021594	273.1924	1.256622	NA	NA
8057	1.846606	-0.02159	295.2267	5.973556	469	Spectral Match to 9-Oxo-10E,12Z-octadecadienoic acid from NIST14
2496	1.846533	0.021587	243.121	2.134158	NA	NA
5549	1.844536	-0.02156	525.2712	4.024654	NA	NA
221	1.844452	0.021563	293.0633	0.438098	205	NA
2103	1.844052	0.021558	284.2071	1.911501	82	NA
481	1.842503	-0.02154	168.1132	0.576715	458	Candidate Histamine-C3:0 (delta mass:56.0261)
499	1.841733	0.021531	440.1699	0.580597	205	NA
1649	1.840527	-0.02152	763.3172	1.472015	184	NA
2921	1.839133	-0.0215	316.1544	2.325598	405	NA
2212	1.838498	-0.02149	385.1184	1.987741	NA	NA
4739	1.837702	-0.02148	177.0546	3.510469	NA	Spectral Match to 3-Hydroxy-4-methoxycinnamic acid from NIST14
1981	1.833639	-0.02144	162.0551	1.772171	170	NA
6957	1.833001	0.021429	321.2419	4.974811	NA	NA
1047	1.831374	0.02141	169.0973	1.024238	NA	NA
1392	1.831244	0.021408	271.1654	1.263028	119	NA
3510	1.831136	-0.02141	495.2967	2.657484	NA	NA
1941	1.83015	-0.0214	346.0955	1.724963	162	NA
1242	1.828629	-0.02138	361.1723	1.139896	175	NA
5624	1.828364	-0.02137	433.2456	3.989307	NA	NA
360	1.827634	-0.02137	206.0459	0.441945	518	NA
3846	1.826369	-0.02135	595.1662	2.875037	NA	NA
3149	1.825955	-0.02135	260.1284	2.435387	214	NA
338	1.822087	-0.0213	126.0222	0.438994	NA	NA
382	1.821115	-0.02129	204.0868	0.483502	NA	Spectral Match to N-Acetyl-D-glucosamine from NIST14
1593	1.816489	0.021236	229.1548	1.415064	184	Spectral Match to Leu-Pro from NIST14
5830	1.813789	0.021204	309.1595	4.194446	NA	NA
475	1.812595	0.02119	312.111	0.578519	205	NA
7438	1.810482	-0.02117	510.3083	5.369922	238	NA
1327	1.809672	0.021156	243.134	1.168495	175	NA
4036	1.80938	0.021153	418.2059	3.004976	100	NA
2059	1.809054	-0.02115	678.3067	1.852251	82	NA
558	1.807928	0.021136	140.0705	0.568792	NA	NA
9419	1.807749	-0.02113	669.4708	7.202792	141	NA
2194	1.807694	0.021133	231.1704	1.981061	82	Spectral Match to Val-Leu from NIST14
2110	1.805439	-0.02111	471.9119	1.942699	NA	NA
5180	1.804464	0.021095	695.3788	3.735352	44	"Candidate Trihydroxylated bile acid (delta mass 286.0832; sirius atomic difference: 12C, 10H, 6N, 3O; buddy atomic difference: 17C, 10H, 4N, 1O)"
294	1.804132	0.021091	204.1234	0.566931	NA	NA
557	1.803549	0.021084	219.1339	0.616168	205	NA
2163	1.801342	0.021059	289.1525	1.953373	421	NA
4311	1.801071	0.021055	402.2107	3.187434	396	NA
5076	1.798018	-0.02102	367.2096	3.575729	NA	NA
1385	1.797519	0.021014	278.1664	1.24754	NA	NA
1877	1.796142	0.020998	160.097	1.770999	NA	NA
7598	1.796141	0.020998	391.2454	5.534516	443	NA
2210	1.795994	-0.021	552.3142	1.973728	82	NA
3463	1.793407	0.020966	499.3285	2.641965	331	NA
6596	1.793317	0.020965	392.3158	4.834856	471	NA
5785	1.793227	-0.02096	297.2426	4.178365	35	Spectral Match to 9(10)-EpOME from NIST14
1840	1.792939	0.02096	235.1104	1.627963	NA	NA
1509	1.792109	-0.02095	322.2126	1.319487	NA	NA
2899	1.790757	0.020935	235.1442	2.314804	NA	Massbank:PR311078 Coumaroyl putrescin
1721	1.790054	0.020927	259.1769	1.549827	NA	Candidate Arginine-C5:0 (delta mass:84.057)
2346	1.789451	-0.02092	361.2088	2.068919	82	NA
4096	1.78814	0.020904	872.4563	3.024955	NA	NA
6516	1.787261	0.020894	529.3144	4.781744	400	NA
7464	1.785327	-0.02087	604.3248	5.456643	47	NA
801	1.784024	-0.02086	288.1484	0.819315	388	NA
2276	1.781163	0.020823	200.0919	1.963705	NA	NA
6821	1.780407	-0.02081	521.3483	4.924564	80	NA
2487	1.779886	0.020808	274.0746	2.137134	NA	NA
1943	1.7793	-0.0208	225.0757	1.715993	162	NA
958	1.778767	-0.02079	292.1292	0.935041	280	NA
1089	1.778256	0.020789	272.1854	1.042156	NA	NA
6536	1.777715	-0.02078	499.3395	4.746057	95	NA
5224	1.777131	0.020776	443.2079	3.77537	44	NA
6412	1.776668	0.02077	786.5187	4.653487	NA	NA
963	1.776251	0.020765	162.0551	0.940059	175	1,5-isoquinolinediol
2213	1.775447	0.020756	152.0708	1.90544	NA	NA
3444	1.775292	-0.02075	366.1701	2.630425	509	NA
1145	1.775165	0.020753	336.1552	1.104916	175	NA
4687	1.773136	0.020729	532.2951	3.412808	240	"Candidate Tetrahydroxylated bile acid (delta mass 107.0057; sirius atomic difference: 2C, 5H, 1N, 2O, 1S; buddy atomic difference: 11C, -3H, 3N, -4O)"
4249	1.771261	0.020707	705.3519	3.128519	NA	NA
2720	1.770683	0.0207	239.0893	2.267805	NA	NA
8376	1.769779	-0.02069	346.2715	6.251224	40	NA
6079	1.769314	-0.02068	512.2737	4.370926	359	NA
1080	1.768606	-0.02068	441.2348	0.965164	NA	NA
416	1.764664	-0.02063	391.1862	0.559236	NA	NA
8355	1.7613	-0.02059	467.3131	6.235911	40	NA
1767	1.760562	0.020582	395.2014	1.507908	NA	NA
6421	1.760127	0.020577	391.2842	4.649116	105	"Candidate Trihydroxylated bile acid (delta mass -18.011; sirius atomic difference: -2H, -1O; buddy atomic difference: -2H, -1O; spectral library match to CCMSLIB00005465755, ""(R)-4-((3S,5S,7R,8R,9S,10S,12S,13R,14S,17R)-3,7,12-trihydroxy-10,13-dimethylhexadecahydro-1H-cyclopenta[a]phenanthren-17-yl)pentanoic acid"")"
4563	1.759317	-0.02057	413.2515	3.278157	NA	NA
7432	1.758758	-0.02056	802.6189	5.364056	422	"Candidate Dihydroxylated bile acid (delta mass 409.3193; sirius atomic difference: 16C, 35H, 13N; buddy atomic difference: 24C, 43H, 1N, 4O)"
1953	1.757779	0.020549	251.1006	1.699345	60	NA
8356	1.75711	-0.02054	462.3577	6.229428	40	NA
7225	1.756487	-0.02053	620.3197	5.216454	2	NA
2966	1.754273	-0.02051	427.196	2.230923	NA	NA
4910	1.75405	-0.02051	369.2252	3.512107	NA	NA
665	1.753721	-0.0205	310.1758	0.710638	NA	NA
7366	1.750242	0.020461	394.2647	5.344259	478	NA
7951	1.747975	-0.02043	479.3729	5.888781	79	NA
6741	1.747818	0.020433	424.3291	4.80415	NA	NA
5905	1.746757	-0.02042	333.2635	4.19009	35	"Candidate Pentahydroxylated bile acid (delta mass -108.0217; sirius atomic difference: -6C, -4H, -2O; buddy atomic difference: -6C, -4H, -2O)"
2118	1.746748	-0.02042	405.1367	1.915151	82	NA
8049	1.746553	0.020418	497.3233	5.968935	65	NA
8740	1.745985	-0.02041	326.3052	6.645044	218	Spectral Match to N-Oleoylethanolamine from NIST14
7031	1.744618	-0.0204	398.2414	5.068831	80	NA
2564	1.744491	0.020394	231.1704	2.022672	82	NA
5612	1.744106	0.020389	614.2859	4.055384	256	NA
5346	1.743555	0.020383	470.2293	3.911719	NA	NA
6392	1.743137	0.020378	579.3178	4.640255	194	NA
6964	1.742416	0.02037	513.3194	4.940596	NA	NA
5935	1.741522	0.020359	279.2319	4.336869	256	Spectral Match to 9(10)-EpOME from NIST14
4959	1.740824	0.020351	505.2661	3.570155	256	NA
6425	1.739659	0.020338	428.3277	4.655207	105	NA
4155	1.735825	0.020293	280.0818	3.042286	NA	NA
497	1.735671	0.020291	230.1863	0.573532	456	N1,N8-diacetylspermidine
3667	1.735563	-0.02029	340.103	2.70839	NA	NA
6598	1.735051	-0.02028	500.3431	4.781759	48	NA
1597	1.734575	-0.02028	326.1321	1.428985	184	NA
5090	1.734485	-0.02028	615.3175	3.661238	NA	NA
896	1.732563	0.020255	188.0684	0.899748	NA	NA
5784	1.731815	-0.02025	474.3064	4.237707	NA	NA
2560	1.730822	0.020234	281.1134	2.051481	82	Spectral Match to .alpha.-L-Asp-L-Phe from NIST14
3563	1.730801	0.020234	293.179	2.69656	174	NA
2964	1.730487	-0.02023	144.081	2.371992	NA	Massbank:PR310882 Tryptophanol (not validated)
5123	1.728464	0.020207	589.3016	3.677118	NA	NA
4378	1.728155	0.020203	453.2001	3.219765	374	NA
1956	1.728099	0.020202	293.0635	1.750443	NA	NA
5961	1.727686	-0.0202	418.2625	4.305338	256	NA
200	1.727488	0.020195	236.1493	0.466762	264	NA
5388	1.727201	-0.02019	625.285	3.931715	256	NA
9333	1.72703	-0.02019	335.2554	7.135905	211	NA
1724	1.72645	-0.02018	361.2087	1.537535	184	NA
3499	1.725685	0.020174	493.2816	2.777054	NA	NA
1187	1.725546	-0.02017	459.2449	1.101597	175	NA
2750	1.725197	-0.02017	250.0746	2.250319	NA	NA
7601	1.725101	0.020167	400.3422	5.548026	NA	Palmitoyl-L-(-)-carnitin [German]
2069	1.721099	0.020121	245.1496	1.850488	NA	NA
4392	1.720706	-0.02012	273.1235	3.248654	256	NA
6685	1.719655	0.020104	529.3146	4.828921	400	NA
4269	1.719619	0.020103	307.1655	3.165255	NA	NCGC00170014-03!(E)-N-(4-acetamidobutyl)-3-(4-hydroxy-3-methoxyphenyl)prop-2-enamide [IIN-based: Match]
6323	1.718937	-0.0201	309.2046	4.543374	61	NA
938	1.716965	-0.02007	410.1745	0.927401	175	NA
472	1.715385	0.020054	664.117	0.57334	NA	NA
3181	1.715297	-0.02005	367.197	2.403873	NA	NA
354	1.715171	-0.02005	182.0813	0.632699	205	Tyrosine_(L-)
3324	1.714906	-0.02005	401.2034	2.547887	NA	NA
1771	1.713923	0.020037	285.181	1.559756	399	NA
7522	1.712646	0.020022	393.2612	5.349105	478	NA
4736	1.712598	0.020021	609.3292	3.458282	NA	NA
1271	1.711658	0.02001	448.2051	1.161054	NA	NA
2717	1.710782	0.02	272.1972	2.238033	NA	NA
3425	1.709745	0.019988	335.1599	2.553098	NA	NA
249	1.709433	0.019984	277.0895	0.452455	205	NA
641	1.708033	0.019968	300.1439	0.687164	NA	NA
4562	1.706839	0.019954	659.2905	3.340217	NA	NA
1268	1.706771	0.019953	180.0636	1.143246	175	NA
4735	1.705788	0.019942	1185.711	3.429022	101	NA
5696	1.700742	0.019883	267.1947	4.258493	NA	NA
746	1.700651	-0.01988	184.0606	0.761388	289	4-PYRIDOXATE - 40.0 eV
5541	1.699929	-0.01987	361.0854	4.023882	NA	NA
1530	1.699916	0.019873	444.3186	1.388333	184	NA
1696	1.699413	0.019867	261.0735	1.497324	NA	NA
1929	1.698757	0.019859	314.1681	1.722609	170	NA
1763	1.696414	0.019832	229.0586	1.56783	NA	NA
8564	1.695102	0.019817	343.2217	6.422872	10	NA
2235	1.689804	0.019755	205.0974	2.006113	57	Tryptophan
3381	1.686945	0.019721	243.1341	2.702343	4	Spectral Match to PyroGlu-Ile from NIST14
9080	1.685935	-0.01971	256.2634	6.94226	NA	NA
1196	1.685612	-0.01971	481.2276	1.108283	175	NA
7042	1.685528	-0.0197	330.2638	5.096418	NA	NA
8722	1.685412	-0.0197	549.4163	6.626411	141	NA
1977	1.684897	0.019697	240.0867	1.64196	NA	NA
4142	1.684815	0.019696	775.3995	3.052776	42	NA
849	1.684459	-0.01969	431.2504	0.847384	NA	NA
3359	1.684422	-0.01969	320.1246	2.591076	131	NA
1292	1.68389	0.019686	223.1442	1.16772	NA	NA
550	1.682878	0.019674	260.1605	0.609916	NA	NA
6622	1.682845	-0.01967	389.1991	4.802903	109	NA
6562	1.680939	-0.01965	347.2792	4.756911	109	NA
7782	1.680687	0.019648	354.2712	5.670688	278	NA
6811	1.679721	-0.01964	351.2143	4.917531	80	NA
3360	1.679064	0.019629	274.1072	2.6471	NA	NA
5428	1.678334	0.019621	849.3704	3.954387	256	NA
2770	1.676867	-0.0196	332.1818	2.258235	NA	NA
1581	1.675646	0.019589	218.1025	1.392594	184	Candidate Glutamic acid-C4:0 (delta mass:70.042)
4622	1.674309	0.019574	180.102	3.354082	307	NA
1913	1.674073	0.019571	259.1654	1.668344	NA	NA
510	1.670552	0.01953	361.1722	0.561957	311	NA
7528	1.670121	0.019525	351.2526	5.50256	443	NA
749	1.669958	0.019523	151.0617	0.75949	205	"6-methoxypurine, oxamethane CollisionEnergy:102040"
8817	1.669856	-0.01952	622.4634	6.716076	141	NA
4021	1.669477	0.019517	419.2082	2.985753	100	NA
7540	1.669137	0.019513	392.2487	5.505956	443	NA
6463	1.666869	0.019487	429.2614	4.682215	105	NA
3129	1.66608	0.019477	246.1702	2.414147	NA	Isovalerylcarnitine - 30.00 eV
5553	1.665557	0.019471	609.3285	4.029378	301	NA
4813	1.665443	-0.01947	339.1075	3.451298	NA	NA
2337	1.664556	0.01946	393.2246	2.097879	82	NA
1918	1.663325	-0.01945	322.2127	1.684324	NA	NA
3553	1.661028	-0.01942	399.2607	2.6865	NA	NA
5322	1.660428	-0.01941	708.3219	3.869896	256	NA
2232	1.660136	0.019408	188.0708	2.00557	57	Spectral Match to Abrine from NIST14
156	1.659655	0.019402	188.1759	0.412541	290	Candidate Spermidine-C2:0 (delta mass:42.0107)
6110	1.658315	0.019387	555.3112	4.445286	521	NA
2766	1.658286	0.019386	474.1736	2.251184	239	NA
5637	1.657577	0.019378	498.3249	4.095467	333	"Candidate Trihydroxylated bile acid (delta mass 89.0311; sirius atomic difference: 3C, 7H, 1N, 1S; buddy atomic difference: 3H, 5N, 1O)"
4343	1.65701	0.019371	279.134	3.192862	42	NA
4870	1.656487	0.019365	651.3604	3.462224	256	NA
6846	1.65427	0.019339	620.3189	4.935694	191	NA
2127	1.653113	-0.01933	383.1905	1.868856	NA	NA
6849	1.651813	0.019311	381.2252	4.962078	NA	NA
4261	1.65107	-0.0193	625.1746	3.134652	NA	NA
4317	1.650863	0.019299	423.1893	3.18951	117	NA
8677	1.649071	0.019278	421.3103	6.580983	156	NA
6747	1.648798	-0.01928	598.3351	4.821106	NA	NA
1500	1.648584	-0.01927	348.1762	1.386061	184	NA
1090	1.647705	0.019263	319.1656	0.966093	NA	NA
6773	1.646021	-0.01924	529.2916	4.889165	NA	NA
2932	1.645853	-0.01924	320.1635	2.319806	214	NA
1689	1.645168	-0.01923	581.316	1.490867	184	NA
9856	1.644685	-0.01923	284.2947	7.527215	NA	NA
2507	1.643729	0.019216	382.1973	2.181316	NA	NA
6195	1.642652	0.019203	429.2614	4.469225	14	NA
9873	1.640727	-0.01918	722.8409	7.532632	141	NA
2084	1.639424	0.019166	160.097	1.883268	82	ISOVALERYLGLYCINE
2986	1.637496	0.019143	501.2449	2.349909	NA	NA
7441	1.636343	-0.01913	493.2811	5.371222	238	NA
3738	1.635982	0.019125	639.3244	2.853194	NA	NA
4038	1.635402	0.019119	484.2447	2.991914	42	NA
1622	1.633096	-0.01909	316.0852	1.445397	84	NA
439	1.632086	-0.01908	136.0619	0.570909	494	adenine CollisionEnergy:102040
3672	1.629509	-0.01905	432.281	2.752451	509	NA
3152	1.627567	-0.01903	510.1584	2.43379	NA	NA
1451	1.62287	-0.01897	443.2028	1.268487	NA	NA
2039	1.622479	-0.01897	376.1718	1.816394	82	NA
4123	1.620827	0.018948	321.1428	3.043824	NA	NA
5128	1.619634	-0.01893	444.2964	3.691465	303	NA
7992	1.618677	0.018923	411.326	5.906053	NA	NA
1164	1.618617	0.018922	140.0705	1.133891	175	NA
2073	1.618126	-0.01892	397.2062	1.89945	NA	NA
5069	1.617097	-0.0189	596.3453	3.655772	256	NA
513	1.61686	0.018902	491.2475	0.58874	NA	NA
1625	1.615501	0.018886	246.0738	1.442198	30	NA
679	1.614577	0.018875	198.0763	0.61936	494	NA
1619	1.614344	0.018873	123.0444	1.430194	30	NA
517	1.613156	-0.01886	359.265	0.592893	18	Spectral Match to Leu-Val-Lys from NIST14
1301	1.611347	0.018837	360.2133	1.200506	NA	NA
7326	1.609884	-0.01882	336.2225	5.237212	141	NA
1022	1.608818	-0.01881	202.1188	0.992072	175	NA
5890	1.608008	0.018798	416.2467	4.239859	256	NA
390	1.607668	-0.01879	265.1117	0.502894	NA	THIAMINE - 40.00 eV
3075	1.607247	0.01879	276.1596	2.381101	NA	NA
336	1.607011	0.018787	301.142	0.455777	NA	NA
3272	1.605659	-0.01877	344.228	2.523967	523	NA
2526	1.605365	-0.01877	318.1655	2.096128	NA	NA
1702	1.605348	0.018767	326.1691	1.461496	184	NA
6737	1.604148	-0.01875	391.2842	4.893009	NA	"Candidate Trihydroxylated bile acid (delta mass -18.0102; sirius atomic difference: -2H, -1O; buddy atomic difference: -2H, -1O; spectral library match to CCMSLIB00005465750, ""(R)-4-((3R,5S,7S,8R,9S,10S,12S,13R,14S,17R)-3,7,12-trihydroxy-10,13-dimethylhexadecahydro-1H-cyclopenta[a]phenanthren-17-yl)pentanoic acid"")"
2433	1.603915	0.018751	474.3288	2.127574	NA	NA
3437	1.603114	-0.01874	385.1762	2.631513	NA	NA
7595	1.60244	-0.01873	275.2006	5.669059	45	NA
4740	1.602275	0.018731	479.2157	3.445308	NA	NA
5963	1.60225	-0.01873	408.311	4.204868	432	"Candidate Trihydroxylated bile acid (delta mass -0.9838; sirius atomic difference: 1H, 1N, -1O; buddy atomic difference: 1H, 1N, -1O)"
6766	1.599481	-0.0187	229.1436	4.87293	46	Traumatic Acid - 40.0 eV
4859	1.598123	-0.01868	209.0811	3.478387	382	Spectral Match to Genipin from NIST14
982	1.59733	-0.01867	381.1876	0.867181	175	NA
1620	1.594532	-0.01864	533.294	1.410927	84	NA
5738	1.593045	-0.01862	403.0961	4.123512	256	NA
3185	1.590666	0.018596	575.2826	2.472	167	NA
1142	1.589941	-0.01859	468.282	1.09292	175	NA
1008	1.589791	0.018585	327.1908	0.979729	502	NA
1895	1.589643	-0.01858	415.2051	1.683386	229	NA
6824	1.589617	-0.01858	299.2581	4.874887	191	NA
3508	1.588992	0.018576	391.1579	2.626646	NA	NA
1458	1.588512	-0.01857	385.1603	1.301607	184	NA
5989	1.58812	0.018566	529.3145	4.319286	NA	NA
8066	1.587807	-0.01856	405.3	5.972941	379	"Candidate Trihydroxylated bile acid (delta mass -3.9946; sirius atomic difference: 1C, -1O; buddy atomic difference: 1C, -1O)"
2448	1.587458	0.018558	242.15	2.107883	36	NA
1608	1.586489	-0.01855	412.1653	1.425016	84	NA
2236	1.586388	0.018546	429.2236	2.030992	NA	NA
2368	1.58631	-0.01854	358.1976	2.086944	NA	NA
1919	1.585939	0.01854	627.3292	1.714401	170	NA
5946	1.585528	-0.01854	471.3098	4.296041	NA	NA
1132	1.584354	-0.01852	451.2164	1.084913	175	NA
7022	1.583635	0.018514	407.2408	5.154529	69	NA
5029	1.583253	0.018509	623.3227	3.541502	256	NA
5950	1.582693	0.018502	325.199	4.277748	NA	NA
1261	1.582312	0.018498	237.1234	1.155532	175	Spectral Match to Phe-Ala from NIST14
777	1.58231	-0.0185	415.1714	0.789493	205	NA
4767	1.581705	-0.01849	374.2539	3.477714	NA	NA
2409	1.580263	0.018474	314.1353	2.0779	365	NA
1555	1.579535	0.018466	323.1602	1.45564	NA	NA
2398	1.579488	0.018465	529.3722	2.130388	NA	NA
8159	1.57861	0.018455	441.2251	6.062228	404	NA
3020	1.577599	0.018443	316.2235	2.422691	214	NA
5141	1.577216	0.018438	462.2664	3.692236	256	"Candidate Trihydroxylated bile acid (delta mass 52.9715; buddy atomic difference: 2C, -1H, 1N, -1O, 1S; spectral library match to CCMSLIB00005435564, taurocholic acid)"
7771	1.576196	0.018427	291.1952	5.700091	128	NA
3491	1.575088	-0.01841	311.1606	2.663119	509	NA
773	1.574838	-0.01841	464.2243	0.801401	205	NA
2900	1.57429	0.018404	209.1286	2.3176	114	NA
1765	1.573512	0.018395	418.1699	1.585979	NA	NA
2060	1.572479	0.018383	334.1974	1.861642	82	NA
3651	1.571871	-0.01838	325.1397	2.749022	NA	NA
6801	1.571665	-0.01837	277.2163	4.879663	80	Spectral Match to 13-Keto-9Z,11E-octadecadienoic acid from NIST14
3594	1.571542	0.018372	208.0606	2.595493	509	NA
2308	1.571157	-0.01837	241.105	2.033589	NA	NA
8533	1.570482	-0.01836	299.258	6.419345	10	NA
6428	1.570462	0.018359	839.5641	4.654882	105	Spectral Match to Cholic acid from NIST14
1715	1.570348	-0.01836	511.2923	1.485735	NA	NA
4292	1.567215	0.018322	250.1803	3.083079	NA	NA
2602	1.567116	-0.01832	507.2217	2.183334	136	NA
669	1.560999	0.018249	180.0874	0.644004	NA	NA
2049	1.560878	0.018247	285.1342	1.83734	82	NA
4842	1.560113	0.018239	325.1545	3.518609	NA	NA
6742	1.558708	0.018222	568.3121	4.872034	80	NA
7055	1.558577	-0.01822	423.3266	5.141976	451	NA
1341	1.558162	0.018216	387.2598	1.228613	NA	NA
4492	1.558013	-0.01821	177.0546	3.232581	NA	Spectral Match to 3-Hydroxy-4-methoxycinnamic acid from NIST14
1793	1.557849	-0.01821	391.2005	1.603629	184	NA
172	1.557835	0.018212	439.1424	0.430278	205	NA
3880	1.55748	0.018208	209.117	2.9494	100	NA
4364	1.557315	0.018206	606.3154	3.210959	42	NA
8380	1.557068	0.018203	524.3713	6.265177	NA	Spectral Match to 1-Stearoyl-2-hydroxy-sn-glycero-3-phosphocholine from NIST14
6007	1.556825	-0.0182	299.139	4.241739	NA	NA
3703	1.55632	0.018194	227.0911	2.757123	NA	NA
1672	1.555777	0.018188	312.1305	1.511294	184	Massbank:RP031103 N2_N2-Dimethylguanosine|N,N-Dimethylguanosine|9-[(2R,3R,4S,5R)-3,4-dihydroxy-5-(hydroxymethyl)oxolan-2-yl]-2-(dimethylamino)-3H-purin-6-one
1669	1.555051	-0.01818	350.0863	1.473719	184	NA
1989	1.554176	0.018169	195.1131	1.780424	99	NA
4284	1.553873	-0.01817	557.2586	3.149599	42	NA
9738	1.552946	-0.01815	863.6158	7.441354	141	NA
3535	1.552743	-0.01815	551.2868	2.738192	NA	NA
3178	1.552177	-0.01815	317.0936	2.447478	NA	NA
7293	1.551465	-0.01814	279.2319	5.157057	NA	Spectral Match to 9(10)-EpOME from NIST14
7264	1.551203	-0.01813	429.3728	5.219581	69	NA
8318	1.550571	-0.01813	455.3345	6.18948	40	NA
5677	1.550328	0.018124	399.322	4.092593	256	NA
1897	1.54935	0.018113	280.1291	1.664707	NA	Spectral Match to Asn-Phe from NIST14
2294	1.548816	-0.01811	296.1354	2.058042	NA	NA
8497	1.548452	-0.0181	659.9827	6.389964	141	NA
395	1.547668	0.018093	278.1234	0.491519	205	NA
1344	1.547268	0.018088	261.1447	1.213485	175	Massbank:PR311045 Glutamylleucine
1424	1.54592	0.018073	160.097	1.150796	175	NA
1007	1.545816	0.018071	293.1491	0.842374	NA	NA
3292	1.54526	0.018065	328.2233	2.600193	275	NA
3831	1.544919	0.018061	413.276	2.874314	482	NA
4379	1.543624	0.018046	432.2215	3.216589	374	NA
7442	1.54297	0.018038	353.2682	5.374186	478	Spectral Match to Monolinolenin (9c,12c,15c) from NIST14
2071	1.54254	0.018033	324.1559	1.89287	82	NA
1082	1.542302	-0.01803	318.1663	1.036841	175	NA
6330	1.539784	-0.018	441.282	4.579538	NA	NA
1195	1.539264	-0.01799	415.2187	1.094413	175	NA
7203	1.539011	-0.01799	608.3431	5.185515	69	NA
4790	1.538133	-0.01798	349.2586	3.547154	256	"Candidate Pentahydroxylated bile acid (delta mass -92.0241; sirius atomic difference: -6C, -4H, -1O; buddy atomic difference: -6C, -4H, -1O)"
4013	1.537057	0.017969	295.1757	2.981317	373	NA
5923	1.536435	0.017962	553.2972	4.273558	NA	NA
9927	1.536287	-0.01796	708.1656	7.558172	141	NA
1679	1.534934	0.017944	229.1183	1.549488	NA	NA
5267	1.534547	0.01794	590.3245	3.814325	262	NA
3910	1.533431	0.017927	323.1605	2.99134	483	NA
5399	1.533349	0.017926	325.1547	3.937382	NA	NA
5911	1.53292	0.017921	440.1945	4.254499	256	NA
5599	1.531396	0.017903	607.3142	4.002563	NA	NA
214	1.531115	0.0179	527.1588	0.451087	205	Melezitose
1122	1.530837	0.017896	231.1705	1.211382	NA	NA
6050	1.530502	-0.01789	490.2914	4.357643	359	NA
4967	1.529164	0.017877	362.2176	3.576563	NA	NA
6959	1.528741	-0.01787	295.2267	4.97923	NA	NA
4963	1.528114	-0.01786	237.1482	3.598925	NA	NA
7615	1.527053	-0.01785	331.2841	5.560251	437	NA
6165	1.52693	0.017851	405.263	4.455458	14	"Candidate Pentahydroxylated bile acid (delta mass -36.0205; sirius atomic difference: -4H, -2O; buddy atomic difference: -4H, -2O; spectral library match to CCMSLIB00005464807, ""(R)-4-((3R,5S,8R,9S,10S,13R,14S,17R)-3-hydroxy-10,13-dimethyl-7,12-dioxohexadecahydro-1H-cyclopenta[a]phenanthren-17-yl)pentanoic acid"")"
3062	1.526752	0.017849	213.1103	2.382789	NA	NA
3197	1.525219	-0.01783	295.1138	2.466338	214	NA
4656	1.524651	0.017824	407.1945	3.391031	402	NA
2363	1.524454	-0.01782	346.165	2.063518	NA	NA
5565	1.524432	-0.01782	619.2651	4.036495	226	NA
5005	1.523766	0.017814	333.1425	3.60075	NA	NA
978	1.523509	-0.01781	228.1343	0.956215	280	NA
97	1.523241	-0.01781	128.0195	0.385182	97	NA
6772	1.522794	-0.0178	490.3537	4.89487	426	NA
6101	1.522771	0.017802	517.3509	4.413924	NA	NA
628	1.522265	0.017796	285.1433	0.632762	NA	NA
1303	1.521926	0.017792	319.1391	1.259849	NA	NA
3118	1.52163	0.017789	237.16	2.501423	NA	NA
1955	1.5212	0.017784	204.1233	1.682787	NA	NA
8985	1.520132	-0.01777	673.9991	6.860971	141	NA
4589	1.519718	0.017766	272.2222	3.2925	NA	NA
4368	1.519539	0.017764	481.1645	3.294582	NA	NA
692	1.518629	0.017754	224.1282	0.718172	NA	NA
2397	1.518388	-0.01775	411.1849	2.076369	NA	NA
3531	1.518373	-0.01775	706.3192	2.676242	232	NA
690	1.517092	0.017736	270.1333	0.74176	NA	NA
6243	1.517055	0.017735	555.312	4.485525	521	NA
2603	1.516987	0.017734	283.1652	2.185088	336	NA
2006	1.516945	0.017734	237.1598	1.703688	NA	NA
2120	1.516412	-0.01773	239.1491	1.910938	82	NA
8692	1.515884	-0.01772	756.0013	6.601272	141	NA
4578	1.515819	-0.01772	643.2948	3.418824	NA	NA
4509	1.515422	-0.01772	685.2515	3.330325	NA	NA
3193	1.514013	-0.0177	658.425	2.471271	145	NA
685	1.513008	0.017688	410.2013	0.815497	NA	NA
3034	1.511521	-0.01767	415.2558	2.382778	NA	NA
178	1.511363	0.017669	134.045	0.43202	NA	Aspartic acid
7634	1.510907	-0.01766	355.2843	5.5163	443	Spectral Match to 1-Linoleoylglycerol from NIST14
2040	1.508718	-0.01764	305.1806	1.810864	82	NA
289	1.5072	-0.01762	170.0474	0.386663	NA	NA
7108	1.504963	-0.01759	476.2774	5.1053	69	NA
580	1.503849	0.017581	422.2136	0.633337	205	NA
662	1.502988	0.017571	211.1076	0.687526	NA	NA
3632	1.502739	0.017568	355.1652	2.724273	NA	NA
563	1.502587	0.017566	246.0973	0.666685	NA	NA
1462	1.502459	0.017565	111.0446	1.315404	59	NA
1661	1.502307	0.017563	238.0936	1.513191	NA	NA
4020	1.501946	0.017559	317.1574	2.983024	373	NA
3728	1.500141	0.017537	386.2025	2.802241	NA	NA
1651	1.498953	0.017524	180.0872	1.436861	184	NA
5627	1.49895	0.017523	500.2493	4.066515	256	NA
2195	1.498882	0.017523	232.174	1.982906	82	NA
8723	1.497983	-0.01751	666.4898	6.628551	141	NA
5052	1.497782	-0.01751	209.0811	3.531488	382	Spectral Match to Genipin from NIST14
7439	1.497398	-0.01751	515.2635	5.37064	238	NA
1848	1.497277	-0.0175	471.9119	1.6252	31	NA
4342	1.496093	0.01749	444.2124	3.197048	160	NA
4017	1.495105	0.017479	543.3494	2.991916	NA	NA
5803	1.494756	-0.01747	506.2791	4.186978	432	"Candidate Trihydroxylated bile acid (delta mass 96.9834; sirius atomic difference: 3C, -1H, 1N, 3O; buddy atomic difference: 4C, -5H, 5N, -1O; spectral library match to CCMSLIB00010123244, Candidate sulfated cholic acid)"
8067	1.49468	-0.01747	422.3265	5.972831	379	"Candidate Trihydroxylated bile acid (delta mass 13.0326; sirius atomic difference: 1C, 3H, 1N, -1O; buddy atomic difference: 1C, 3H, 1N, -1O)"
4121	1.4931	-0.01746	539.323	2.924952	NA	NA
609	1.493028	0.017454	261.0969	0.668292	NA	NA
5667	1.492737	-0.01745	251.1255	4.08853	NA	NA
3373	1.492233	0.017445	630.4196	2.581015	NA	NA
9915	1.491526	-0.01744	762.2074	7.549108	141	NA
4461	1.491388	0.017435	295.1519	3.24543	NA	NA
3924	1.491371	0.017435	443.2733	2.921265	100	NA
6106	1.491017	-0.01743	523.2556	4.413433	NA	NA
1235	1.490628	0.017426	205.1548	1.138489	175	NA
1075	1.489414	0.017412	270.0408	1.029348	143	NA
3695	1.488728	0.017404	248.1647	2.787114	NA	NA
5749	1.488426	-0.0174	417.2505	4.1766	NA	NA
4706	1.488182	0.017398	415.223	3.42037	83	"Candidate Pentahydroxylated bile acid (delta mass -26.061; sirius atomic difference: -1C, -10H, 2N, -2O; buddy atomic difference: -1C, -10H, 2N, -2O)"
421	1.485313	0.017364	150.0776	0.563015	NA	Spectral Match to L-Methionine from NIST14
1307	1.484428	-0.01735	471.173	1.200028	NA	NA
4952	1.483503	0.017343	239.1634	3.479079	256	NA
2764	1.483489	0.017343	687.4038	2.241677	NA	NA
7810	1.483482	-0.01734	277.2162	5.89465	469	NA
7577	1.483358	0.017341	488.3168	5.52749	188	NA
1595	1.48311	-0.01734	552.3042	1.415112	184	NA
8161	1.483063	0.017338	419.2429	6.061998	404	NA
1077	1.483007	0.017337	304.1505	1.092793	175	NA
8073	1.482161	0.017327	457.3312	5.94007	65	NA
8528	1.479727	-0.0173	637.9699	6.425226	141	NA
5583	1.479687	-0.0173	407.2036	4.047327	488	"Candidate Trihydroxylated bile acid (delta mass -2.092; sirius atomic difference: -6C, -6H, 2N, -1O, 2S; buddy atomic difference: -7C, -10H, 2N, 4O)"
974	1.47897	0.01729	317.1503	0.975461	NA	NA
6716	1.478242	-0.01728	443.2882	4.839924	192	NA
6627	1.477347	-0.01727	412.3069	4.824062	NA	NA
1133	1.477338	0.017271	203.1392	1.078721	175	Spectral Match to L-Alanyl-L-norleucine from NIST14
3731	1.477228	-0.01727	429.2715	2.741096	NA	NA
2457	1.47695	0.017266	138.0551	2.114961	82	3709 - 40.0 eV
1343	1.47653	0.017261	260.092	1.230281	492	NA
3952	1.47646	0.017261	591.325	2.953574	42	NA
1058	1.476196	0.017257	318.1337	1.019016	175	NA
6807	1.473841	-0.01723	335.2193	4.960575	166	NA
1960	1.47367	0.017228	367.1498	1.8151	60	1-beta-D-Glucopyranosyl-L-tryptophan
6804	1.472166	0.01721	394.2954	4.915435	80	NA
7351	1.471853	0.017207	391.2456	5.264475	NA	NA
8945	1.471799	-0.01721	578.4371	6.827189	141	NA
3252	1.471362	-0.0172	480.1478	2.49759	NA	NA
2723	1.471175	0.017199	514.7915	2.226134	NA	NA
2263	1.47077	0.017194	367.1499	2.052258	82	NA
1466	1.470731	0.017194	232.1546	1.310238	NA	Butyrylcarnitine - 30.00 eV
2919	1.47059	-0.01719	449.2009	2.330035	NA	NA
176	1.469921	0.017184	309.1656	0.412895	NA	Fructoselysine
900	1.469886	0.017184	245.1496	0.847303	410	NA
1170	1.469265	-0.01718	400.2194	1.09325	175	NA
1252	1.469148	-0.01718	568.271	1.157923	459	NA
6284	1.468963	0.017173	416.3373	4.550767	194	NA
1842	1.468196	-0.01716	450.161	1.63403	184	NA
1463	1.468134	0.017163	269.1498	1.358182	NA	NA
5794	1.467184	-0.01715	373.274	4.197411	432	Choldienic acid putative
3839	1.466032	-0.01714	585.3145	2.846144	NA	NA
1269	1.464378	-0.01712	455.2505	1.160268	175	NA
1071	1.464045	-0.01712	491.1765	1.032752	175	NA
1076	1.463966	0.017115	401.2874	1.016918	175	NA
7076	1.462584	0.017098	594.3277	5.100831	480	NA
2999	1.462322	-0.0171	386.2287	2.36114	214	NA
6236	1.461959	0.017091	251.2006	4.503143	61	NA
5655	1.461925	0.017091	147.117	4.089033	445	NA
1637	1.461797	-0.01709	205.0975	1.446402	207	Tryptophan
1403	1.461276	-0.01708	420.1266	1.283692	184	NA
8371	1.460912	-0.01708	324.2896	6.251304	40	Spectral Match to Linoleoyl ethanolamide from NIST14
1043	1.459663	0.017064	210.1127	0.946999	NA	NA
5017	1.459349	0.017061	533.3265	3.681158	256	"Candidate Trihydroxylated bile acid (delta mass 124.0329; sirius atomic difference: 2C, 8H, 2N, 2O, 1S; buddy atomic difference: 10C, 4H; spectral library match to CCMSLIB00006680127, TAUROCHOLIC ACID)"
5198	1.457035	0.017033	411.1916	3.748892	44	NA
4663	1.456411	0.017026	295.1519	3.316485	NA	NA
4302	1.453336	-0.01699	499.2535	3.129041	NA	NA
167	1.453167	0.016988	455.1164	0.425461	205	NA
2280	1.453124	-0.01699	330.2023	2.055623	82	NA
2165	1.452945	0.016986	308.1487	1.952452	NA	NA
2107	1.452419	-0.01698	241.1049	1.931975	255	NA
7662	1.452097	0.016976	431.3118	5.612568	NA	NA
658	1.451073	0.016964	218.1389	0.67453	NA	PROPIONYLCARNITINE
816	1.450474	0.016957	239.1014	0.813855	410	Spectral Match to Gly-Tyr from NIST14
7604	1.449481	0.016945	351.2524	5.548068	443	NA
5147	1.448565	-0.01693	726.3323	3.692947	NA	NA
5443	1.447614	0.016923	326.2326	3.964147	256	NA
988	1.447525	-0.01692	322.2126	0.983352	NA	NA
3435	1.44715	-0.01692	360.2135	2.568225	214	NA
500	1.446016	-0.0169	259.1288	0.581442	138	Spectral Match to L-Saccharopine from NIST14
5222	1.443898	0.01688	903.3784	3.779297	81	NA
3364	1.443382	-0.01687	303.1334	2.590265	NA	NA
5736	1.443135	-0.01687	643.2386	4.132001	NA	NA
1610	1.442802	-0.01687	328.1506	1.436986	184	NA
213	1.442718	0.016866	287.2442	0.441819	NA	NA
8802	1.44257	-0.01686	533.0463	6.675914	141	NA
3225	1.442427	-0.01686	403.2556	2.504491	NA	NA
1210	1.442038	0.016858	209.1021	1.11188	175	NA
2486	1.441561	0.016853	304.1759	2.11625	36	NA
8099	1.440324	-0.01684	579.4267	6.008695	141	NA
6116	1.440262	0.016837	389.2687	4.434499	14	"Candidate Tetrahydroxylated bile acid (delta mass -36.021; sirius atomic difference: -4H, -2O; buddy atomic difference: -4H, -2O)"
2112	1.440162	0.016836	256.1756	1.911618	82	NA
3267	1.438634	0.016818	245.1861	2.523985	214	Spectral Match to Ile-Leu from NIST14
5805	1.438302	-0.01681	759.2873	4.176274	NA	NA
6882	1.438192	-0.01681	438.3215	4.930543	NA	NA
7259	1.437485	-0.0168	389.2686	5.230244	2	"Candidate Tetrahydroxylated bile acid (delta mass -36.0212; sirius atomic difference: -4H, -2O; buddy atomic difference: -4H, -2O; spectral library match to CCMSLIB00005465139, ""(4R)-4-((3S,5S,7S,9S,10S,13R,14S,17R)-3,7-dihydroxy-10,13-dimethyl-12-oxohexadecahydro-1H-cyclopenta[a]phenanthren-17-yl)pentanoic acid"")"
241	1.437136	-0.0168	116.071	0.449086	205	L-PROLINE
7511	1.435765	-0.01678	413.2661	5.449029	47	NA
7214	1.435676	0.016784	422.3264	5.158243	NA	NA
6203	1.43566	-0.01678	613.2186	4.473688	409	NA
5916	1.434455	0.01677	316.2482	4.26105	256	DECANOYLCARNITINE
2740	1.434259	-0.01677	261.1266	2.246765	NA	NA
8033	1.433986	0.016764	373.2738	5.958522	NA	NA
1206	1.433363	-0.01676	468.1956	1.100407	175	NA
1813	1.43278	0.01675	502.3245	1.598443	NA	NA
5886	1.432393	0.016745	705.3455	4.203589	256	NA
2171	1.431924	0.01674	308.1969	1.967053	82	NA
1749	1.431326	-0.01673	554.3187	1.537425	184	NA
3408	1.431142	0.016731	223.1542	2.614084	NA	NA
8748	1.430974	-0.01673	547.7217	6.64942	141	NA
7361	1.42959	-0.01671	217.1588	5.205096	NA	NA
6170	1.426932	-0.01668	701.3315	4.451728	409	NA
2011	1.426264	-0.01667	286.1763	1.79587	NA	NA
2349	1.426045	0.016671	169.0973	2.054778	446	NA
4290	1.425838	-0.01667	579.3038	3.155887	42	NA
6152	1.425722	0.016667	362.1599	4.448094	NA	NA
2477	1.425335	0.016663	330.166	2.125851	82	NA
1243	1.425267	-0.01666	196.0976	1.137042	NA	Tyrosine methyl ester
1540	1.423797	0.016645	376.1339	1.37653	NA	NA
2019	1.423677	-0.01664	241.1049	1.881702	255	NA
3423	1.423307	-0.01664	348.1533	2.608967	NA	NA
6056	1.422663	0.016632	307.1439	4.355583	226	NA
7171	1.422285	0.016627	353.2685	5.304518	478	Spectral Match to Monolinolenin (9c,12c,15c) from NIST14
3870	1.421216	0.016615	128.0497	2.875778	100	NA
1014	1.420948	0.016612	258.2178	0.984442	NA	NA
9286	1.419659	-0.0166	527.7147	7.103865	141	NA
7319	1.417668	-0.01657	386.3266	5.31996	NA	NA
4170	1.417555	-0.01657	555.28	3.073367	NA	NA
6419	1.417358	0.01657	373.2737	4.655881	105	"Candidate Trihydroxylated bile acid (delta mass -36.0217; sirius atomic difference: -4H, -2O; buddy atomic difference: -4H, -2O; spectral library match to CCMSLIB00005463906, CHOLATE)"
8683	1.415646	-0.01655	688.5026	6.587387	141	NA
3873	1.415196	-0.01654	648.3825	2.886623	NA	NA
3395	1.415088	-0.01654	231.113	2.608451	NA	NA
2967	1.414847	-0.01654	246.0739	2.307356	NA	NA
3156	1.414688	-0.01654	377.1924	2.462484	214	NA
2105	1.414377	-0.01653	429.1874	1.950079	NA	NA
588	1.414195	0.016533	281.1116	0.663797	NA	NA
4671	1.413784	-0.01653	334.1649	3.404935	NA	NA
130	1.413284	-0.01652	234.1813	0.392542	290	NA
826	1.412954	-0.01652	430.3028	0.824209	NA	NA
206	1.412805	0.016516	689.211	0.444911	205	Spectral Match to Glycan 3.alpha.,4.beta.,3.alpha.-Galactotetraose from NIST14
1790	1.412293	-0.01651	358.1612	1.589517	184	NA
3438	1.410391	0.016488	245.1861	2.596911	275	Spectral Match to Leu-Leu from NIST14
2633	1.410367	-0.01649	564.2419	2.187429	136	NA
9429	1.40988	-0.01648	669.1366	7.205548	141	NA
4206	1.409016	0.016472	351.1531	3.103001	NA	NA
2789	1.408947	0.016471	302.1387	2.262715	146	NA
1538	1.408935	-0.01647	339.1652	1.257542	NA	NA
9277	1.408516	-0.01647	681.0063	7.096495	141	NA
1948	1.408426	0.016465	189.0273	1.738407	394	NA
278	1.407314	0.016452	118.0866	0.456389	290	5-AMINOPENTANOATE - 50.0 eV
2656	1.40686	0.016447	164.0708	2.241569	NA	2-amino-3-hydroxy-3-phenylpropanoic acid CollisionEnergy:205060
6440	1.406632	0.016444	409.2563	4.782061	38	NA
4109	1.405633	0.016433	639.3241	3.032984	42	NA
4530	1.405328	0.016429	313.1625	3.299189	NA	NA
2008	1.404469	0.016419	417.2028	1.792128	170	NA
1599	1.404377	-0.01642	369.2136	1.426852	184	NA
2050	1.404046	-0.01641	166.0865	1.842021	82	NA
394	1.402979	0.016402	255.0971	0.527826	NA	NA
7999	1.401124	-0.01638	322.2735	5.909788	314	Spectral Match to .alpha.-Linolenoyl ethanolamide from NIST14
1504	1.400163	0.016369	317.1501	1.365057	150	NA
6417	1.398587	0.01635	500.2768	4.712138	NA	NA
2295	1.398338	0.016347	270.1549	2.037628	273	NA
1738	1.398261	-0.01635	483.3165	1.540916	184	NA
7701	1.398062	-0.01634	487.3758	5.653621	123	NA
5400	1.39802	-0.01634	494.3121	3.943879	256	NA
3323	1.397903	-0.01634	538.2883	2.553131	NA	NA
1002	1.397793	0.016341	308.1229	0.974245	NA	NA
4031	1.397759	0.016341	462.26	2.988065	3	NA
3998	1.397494	-0.01634	164.0708	2.990255	NA	NA
8306	1.397059	-0.01633	630.4611	6.184856	141	NA
8308	1.394304	-0.0163	319.2243	6.180394	141	NA
1324	1.393957	-0.0163	359.2653	1.211494	175	Spectral Match to Ile-Val-Lys from NIST14
180	1.393285	-0.01629	280.0921	0.421668	NA	NA
470	1.393145	-0.01629	139.0503	0.570562	NA	Spectral Match to Nicotinamide N-oxide from NIST14
977	1.392373	0.016278	151.0617	0.93295	175	"6-methoxypurine, oxamethane CollisionEnergy:205060"
5307	1.392159	0.016275	650.344	3.856862	262	NA
3215	1.391766	0.01627	804.4295	2.471479	NA	NA
8031	1.391539	-0.01627	623.4529	5.951751	141	NA
1647	1.390977	-0.01626	540.2785	1.459962	184	NA
2045	1.390898	-0.01626	375.1344	1.822174	NA	NA
1178	1.390625	0.016257	184.097	1.096949	175	NA
1714	1.390474	0.016255	185.1286	1.513011	NA	NA
3481	1.389924	-0.01625	209.1286	2.650333	75	NA
2649	1.389552	0.016245	621.3624	2.23118	NA	NA
2880	1.389079	-0.01624	538.1539	2.301447	NA	NA
1063	1.388242	-0.01623	392.1813	1.02892	175	NA
4638	1.386586	0.01621	565.2838	3.378134	178	NA
4695	1.385636	-0.0162	511.2898	3.413769	NA	NA
2630	1.385504	-0.0162	383.1903	2.21843	NA	NA
6331	1.383426	-0.01617	583.2538	4.581006	NA	NA
8867	1.381405	-0.01615	556.4056	6.74812	141	NA
7050	1.380927	-0.01614	293.2108	5.013333	NA	NA
3478	1.380906	-0.01614	388.2543	2.652539	509	NA
6569	1.380422	0.016138	437.3038	4.807496	NA	NA
435	1.380385	-0.01614	145.1337	0.57286	18	Candidate Cadaverine-C2:0 (delta mass:42.0103)
2082	1.380267	-0.01614	220.1188	1.808747	NA	NA
7310	1.3802	-0.01614	751.4817	5.266899	141	NA
6512	1.379443	0.016126	660.3406	4.713252	NA	NA
2149	1.379018	0.016121	174.1127	1.937134	NA	NA
4029	1.378629	0.016117	251.1258	2.938507	499	NA
2420	1.377526	-0.0161	580.2729	2.096393	82	NA
5159	1.376892	0.016097	891.3791	3.706876	NA	NA
5501	1.37643	-0.01609	891.355	3.999358	256	NA
2455	1.37568	-0.01608	302.0694	2.093996	NA	NA
9315	1.375592	-0.01608	843.6101	7.074143	245	NA
4897	1.375487	0.01608	347.1369	3.530354	NA	NA
949	1.374978	0.016074	245.0955	0.93884	175	NA
809	1.37416	0.016065	312.1797	0.828776	NA	NA
1665	1.3741	0.016064	295.0907	1.488881	249	NA
8265	1.37406	0.016063	487.3396	6.131981	NA	NA
3878	1.373379	0.016055	394.2342	2.831291	NA	NA
7279	1.372869	0.01605	494.3241	5.23585	141	Lyso PC (16:1)
3958	1.371838	0.016037	465.2697	2.927675	NA	NA
2155	1.371759	-0.01604	246.1127	1.953899	255	NA
5138	1.37131	-0.01603	447.2202	3.694452	256	NA
5193	1.370983	0.016027	653.3083	3.755627	NA	NA
2634	1.370895	-0.01603	621.2634	2.196718	136	NA
1173	1.370595	-0.01602	701.2761	1.096785	175	NA
2239	1.370086	-0.01602	528.2454	2.008426	82	NA
4090	1.369854	0.016014	318.181	3.055005	NA	Spectral Match to Leu-Trp from NIST14
861	1.368899	-0.016	383.2049	0.878766	175	NA
2998	1.368819	0.016002	587.3188	2.355549	214	NA
2443	1.367597	0.015988	467.2624	2.114829	NA	NA
9423	1.367098	-0.01598	877.6161	7.204043	141	NA
6771	1.366144	0.015971	193.1225	4.879593	46	NA
590	1.365876	-0.01597	268.1041	0.666997	186	ADENOSINE
7043	1.365225	-0.01596	643.3452	5.087982	480	NA
1095	1.364899	0.015956	188.0919	1.059342	175	NA
3607	1.364866	0.015956	304.1654	2.71649	509	NA
7244	1.364697	-0.01595	400.2809	5.22294	69	NA
99	1.364479	-0.01595	151.0354	0.386433	97	Furaneol (known structural isomers: 0; isobaric peaks in run: 4)
5508	1.364221	-0.01595	422.3112	4.074193	NA	NA
7705	1.363985	0.015946	426.3579	5.650818	NA	Spectral Match to Oleoyl L-carnitine from NIST14
6868	1.363756	0.015943	413.1971	4.941382	169	NA
2970	1.363663	0.015942	245.1861	2.403118	214	Spectral Match to Ile-Leu from NIST14
672	1.362213	-0.01592	373.2809	0.714618	NA	Spectral Match to Ile-Ile-Lys from NIST14
4232	1.362134	0.015924	222.0762	3.111477	42	NA
6842	1.362065	-0.01592	413.266	5.074864	2	NA
3758	1.361849	0.015921	488.2757	2.80962	292	NA
6880	1.361507	0.015917	351.2303	4.964108	NA	NA
6888	1.3608	-0.01591	598.3369	4.89886	191	NA
2168	1.360754	0.015908	215.0894	2.040453	273	NA
4980	1.360721	0.015908	397.2564	3.654753	NA	NA
4753	1.360383	0.015904	911.4414	3.450627	83	NA
3233	1.358769	0.015885	323.16	2.477388	NA	Massbank:PR311016 Feruloyl lysine
636	1.358687	0.015884	228.0853	0.610129	NA	NA
1802	1.358495	0.015882	337.0892	1.59777	297	NA
6839	1.357167	-0.01587	295.2267	4.864016	147	NA
5084	1.356445	-0.01586	628.2988	3.587923	NA	NA
2578	1.355443	0.015846	263.1418	2.237557	NA	Spectral Match to Met-Leu from NIST14
6078	1.355175	-0.01584	387.2962	4.368522	NA	NA
3823	1.355151	0.015842	269.1369	2.811157	NA	NA
4704	1.355094	0.015842	437.2053	3.42085	83	NA
1356	1.354489	0.015835	253.1535	1.226108	175	NA
3172	1.353278	-0.01582	358.1606	2.415008	66	NA
3426	1.352976	0.015817	224.1493	2.61105	8	NA
1995	1.352724	-0.01581	574.2488	1.768347	60	NA
3557	1.351368	-0.0158	151.0394	2.626137	NA	NA
11435	1.351265	-0.0158	1089.279	8.68304	141	NA
4414	1.350014	0.015782	265.0968	3.250833	NA	NA
1402	1.348877	-0.01577	399.2604	1.254749	184	NA
4110	1.348195	0.015761	661.3061	3.032034	42	NA
1289	1.345465	0.015729	171.0629	1.13338	371	NA
8126	1.345084	0.015725	411.3623	6.052947	NA	NA
5858	1.345051	0.015724	879.3816	4.225897	256	NA
6086	1.344768	-0.01572	344.1891	4.380538	NA	NA
932	1.344328	0.015716	151.0617	0.882023	175	NA
2916	1.344205	0.015714	291.1918	2.320398	214	NA
7681	1.34398	0.015712	637.4318	5.6354	443	NA
1871	1.343686	0.015708	490.3067	1.665863	NA	NA
8941	1.34352	-0.01571	567.4032	6.82461	141	NA
2147	1.343221	-0.0157	286.1398	1.927897	82	NA
721	1.343114	0.015702	153.066	0.746399	410	NA
2597	1.342838	-0.0157	310.1288	2.18293	NA	NA
3447	1.341288	-0.01568	427.1578	2.642924	NA	NA
3092	1.340759	0.015674	277.1184	2.393926	NA	NA
83	1.340749	-0.01567	146.03	0.38466	97	NA
1227	1.340242	0.015668	130.0865	1.119078	NA	NA
7863	1.340167	-0.01567	683.5068	5.793899	141	NA
656	1.339956	0.015665	284.099	0.696555	72	GUANOSINE - 50.0 eV
4097	1.33977	0.015663	397.3065	3.030867	NA	NA
429	1.338259	-0.01564	174.1126	0.560914	NA	NA
1279	1.337809	0.01564	474.2929	1.165366	NA	NA
3448	1.337568	0.015637	267.1207	2.622393	252	NA
687	1.336604	0.015626	257.1131	0.723967	NA	NA
398	1.336369	0.015623	684.2559	0.516462	205	Isomaltotetraose
6062	1.336101	0.01562	517.3313	4.390881	274	"Candidate Dihydroxylated bile acid (delta mass 124.0294; buddy atomic difference: 2C, 8H, 2N, 2O, 1S; spectral library match to CCMSLIB00006680044, TAUROURSODEOXYCHOLIC ACID)"
747	1.336074	-0.01562	312.1435	0.772123	205	NA
9465	1.335412	-0.01561	654.7958	7.241656	141	NA
453	1.335117	-0.01561	331.234	0.573543	18	NA
207	1.33448	0.015601	705.185	0.43809	205	NA
3709	1.334225	-0.0156	869.4736	2.777538	344	NA
4449	1.333849	0.015593	617.2346	3.280299	281	NA
2305	1.333399	-0.01559	474.1342	2.034957	82	NA
7948	1.331374	0.015564	443.352	5.856716	79	NA
5239	1.331141	-0.01556	452.312	3.793046	256	NA
7086	1.331105	0.015561	435.2485	5.080336	NA	NA
9604	1.330942	-0.01556	703.4935	7.347946	141	NA
4626	1.330088	0.015549	484.3025	3.369297	NA	NA
5707	1.329966	0.015548	883.4128	4.118057	43	NA
8439	1.329138	-0.01554	726.9785	6.31802	141	NA
7593	1.3288	-0.01553	293.2109	5.644925	45	NA
1805	1.328257	0.015528	332.1338	1.594025	297	NA
4369	1.328224	-0.01553	488.2397	3.21843	160	NA
4821	1.327897	-0.01552	569.295	3.485801	343	NA
6370	1.32762	-0.01552	655.2764	4.610662	495	NA
8660	1.32682	0.015511	487.3763	6.548653	NA	NA
7184	1.326066	-0.0155	330.2638	5.16935	141	NA
2689	1.325695	-0.0155	367.1133	2.218222	NA	NA
4187	1.325118	-0.01549	441.3075	3.078108	NA	NA
1754	1.324535	0.015484	232.174	1.539339	184	NA
7071	1.323276	-0.01547	550.3699	5.100094	69	NA
7323	1.323086	-0.01547	304.2999	5.276784	NA	Spectral Match to Benzyldodecyldimethylammonium from NIST14
5050	1.322709	0.015463	465.2002	3.624699	94	NA
6456	1.322187	-0.01546	293.2111	4.667533	109	NA
860	1.321506	-0.01545	334.1973	0.895877	175	NA
9141	1.321495	-0.01545	601.0906	6.976856	141	NA
4705	1.320981	-0.01544	443.1321	3.477076	NA	NA
7869	1.320137	0.015433	480.345	5.793595	NA	Spectral Match to 1-(1Z-Hexadecenyl)-sn-glycero-3-phosphocholine from NIST14
5543	1.319625	-0.01543	417.1118	4.018077	256	NA
6480	1.319522	0.015426	442.3531	4.694248	1	NA
2588	1.319015	-0.01542	284.1012	2.168845	NA	NA
575	1.318816	0.015418	159.1493	0.621831	NA	Candidate Putrescine-C4:0 (delta mass:70.0418)
4242	1.318502	0.015414	700.4246	3.1137	NA	NA
5656	1.31844	0.015413	165.1275	4.08889	445	NA
3244	1.317659	-0.0154	254.1388	2.333248	NA	NA
5779	1.315557	0.01538	384.2747	4.155468	NA	NA
616	1.314542	0.015368	395.2028	0.671697	205	NA
6615	1.314065	0.015362	349.1995	4.731571	NA	NA
8805	1.313339	-0.01535	533.3807	6.676223	141	NA
4455	1.312442	-0.01534	383.1275	3.273759	418	NA
2083	1.311414	-0.01533	142.0865	1.880865	NA	NA
369	1.310729	0.015323	248.1129	0.50949	205	NA
6939	1.310555	-0.01532	300.2897	4.994475	NA	Spectral Match to D-erythro-C18-Sphingosine from NIST14
2622	1.310148	-0.01532	262.1187	2.199801	36	NA
11611	1.31008	-0.01532	1023.24	8.796353	141	NA
2590	1.30963	-0.01531	380.2183	2.180198	433	NA
2257	1.309524	-0.01531	319.1289	2.018066	446	NA
2386	1.309202	0.015305	293.1854	2.084003	446	NA
3355	1.309106	0.015304	508.2756	2.582897	133	NA
328	1.308979	0.015303	274.0688	0.464344	NA	NA
531	1.308951	0.015302	202.1187	0.596731	NA	NA
4329	1.308342	0.015295	461.2274	3.114309	NA	NA
4718	1.307246	0.015282	506.2633	3.426813	233	NA
2881	1.307207	0.015282	579.3162	2.303107	239	NA
4657	1.306657	-0.01528	430.2707	3.390789	402	NA
2868	1.305658	-0.01526	362.157	2.184461	NA	NA
8197	1.305547	-0.01526	190.0715	6.088496	466	NA
2846	1.30535	-0.01526	240.1231	2.288475	214	NA
6275	1.303316	0.015236	607.311	4.525902	409	NA
3928	1.303086	0.015234	464.2522	2.918754	444	NA
5634	1.302471	0.015227	371.2585	4.140903	493	NA
6588	1.302062	0.015222	485.3236	4.805553	NA	NA
4700	1.301339	-0.01521	429.2025	3.310997	NA	NA
8942	1.300623	-0.0152	696.012	6.827041	141	NA
1267	1.300479	-0.0152	351.1769	1.092805	175	NA
3812	1.299499	0.015192	342.2126	2.856279	242	NA
11487	1.299406	-0.01519	1066.764	8.730076	141	NA
5973	1.2982	-0.01518	363.3007	4.262045	NA	NA
7119	1.297474	0.015168	391.2457	5.126906	69	"Candidate Trihydroxylated bile acid (delta mass -18.0495; sirius atomic difference: 2C, -8H, 1N, -3O; buddy atomic difference: -1C, -6H)"
850	1.297385	0.015167	300.1267	0.861884	NA	NA
7305	1.296696	-0.01516	702.4622	5.263066	141	NA
1997	1.296417	-0.01516	457.2658	1.780117	NA	NA
4682	1.295721	0.015148	465.2364	3.404875	NA	NA
4266	1.294635	0.015135	750.8733	3.132692	NA	NA
2125	1.29436	0.015132	216.1232	1.898865	NA	NA
6646	1.293286	-0.01512	353.2298	4.809211	296	NA
4239	1.293177	0.015118	722.4079	3.118025	NA	NA
716	1.293145	0.015118	136.0395	0.778463	410	NA
5554	1.292266	-0.01511	541.3484	4.027339	NA	NA
3541	1.291815	-0.0151	549.2927	2.679138	NA	NA
8203	1.290849	-0.01509	391.1093	6.088157	466	NA
4192	1.290518	0.015087	339.2015	3.088362	462	NA
7555	1.290158	0.015083	608.4111	5.475632	443	NA
2419	1.289774	-0.01508	460.99	2.10962	228	NA
6618	1.289574	-0.01508	371.2798	4.774747	NA	NA
4937	1.289182	-0.01507	310.2008	3.624373	NA	NA
5178	1.288577	-0.01506	402.2856	3.673591	NA	NA
5682	1.288507	-0.01506	488.2398	4.100287	445	NA
1083	1.288428	0.015062	261.1447	1.114629	175	Massbank:PR311045 Glutamylleucine
6721	1.288324	-0.01506	499.3392	4.787983	95	NA
4634	1.287264	-0.01505	369.2252	3.463701	NA	NA
7306	1.287169	-0.01505	582.3424	5.205476	NA	NA
1627	1.28682	-0.01504	697.2962	1.466958	184	NA
1867	1.286757	0.015043	352.223	1.667265	NA	NA
7282	1.286531	-0.01504	412.2153	5.239778	NA	NA
4640	1.286392	0.015039	560.3285	3.380749	178	NA
1751	1.286094	-0.01504	528.3036	1.546231	NA	NA
7212	1.285267	-0.01503	442.3534	5.205536	NA	NA
7980	1.284665	-0.01502	343.2218	5.902268	227	NA
7746	1.284562	-0.01502	315.1932	5.685042	45	NA
7104	1.284114	-0.01501	440.2774	5.153259	NA	NA
5085	1.283979	0.01501	295.2269	3.719784	256	NA
1337	1.283791	0.015008	377.1921	1.172411	175	NA
1106	1.283295	-0.015	718.2654	1.075102	NA	NA
5893	1.282793	-0.015	491.3117	4.242384	256	NA
5199	1.28277	-0.015	567.3175	3.748892	256	NA
3138	1.282614	-0.01499	178.0864	2.396333	NA	5,6,7,8-tetrahydroquinoline-2-carboxylic acid
96	1.282398	-0.01499	169.0459	0.385439	97	NA
402	1.282356	0.014991	375.2238	0.541321	NA	NA
9421	1.282259	-0.01499	878.1167	7.204963	141	NA
5109	1.28173	-0.01498	467.2413	3.666015	39	NA
11341	1.281559	-0.01498	770.8796	8.580199	141	NA
1121	1.281108	0.014977	275.1368	1.111973	NA	NA
5204	1.280967	0.014975	442.2053	3.774088	44	NA
1807	1.279933	0.014963	295.1776	1.700328	NA	NA
2388	1.27835	0.014945	336.1168	2.082211	365	NA
2546	1.278178	0.014943	215.0894	2.133018	36	NA
2447	1.27809	-0.01494	514.2879	2.138358	446	NA
3729	1.277012	-0.01493	371.1967	2.772555	NA	NA
8214	1.276289	-0.01492	297.0824	6.089171	466	NA
4377	1.275616	0.014913	417.283	3.23055	NA	NA
6233	1.274306	0.014897	422.29	4.507926	14	NA
1414	1.27427	-0.0149	417.1993	1.293065	NA	NA
449	1.274153	0.014895	262.1285	0.579844	205	NA
3624	1.273589	0.014889	244.0583	2.73255	NA	NA
1662	1.272608	-0.01488	420.1508	1.449797	184	NA
1938	1.272588	-0.01488	302.1387	1.738594	170	NA
7224	1.272484	-0.01488	440.3372	5.240147	NA	"Candidate Trihydroxylated bile acid (delta mass 31.0427; buddy atomic difference: 1C, 5H, 1N)"
4716	1.27246	0.014876	460.2806	3.420217	83	"Candidate Tetrahydroxylated bile acid (delta mass 34.9961; sirius atomic difference: 1C, -3H, 3N, -1O; buddy atomic difference: 6C, -3H, 1N, -3O)"
9212	1.272422	-0.01488	849.0959	7.028181	141	NA
9218	1.271983	-0.01487	427.2457	7.012646	NA	NA
8787	1.270949	-0.01486	297.0823	6.672237	441	NA
5914	1.270136	0.014849	689.3467	4.322942	256	NA
3216	1.270057	0.014848	325.176	2.42939	NA	NA
6851	1.268923	-0.01483	412.2851	4.810575	NA	NA
1571	1.268865	0.014834	381.211	1.400962	184	NA
8193	1.267956	-0.01482	406.1384	6.088334	466	NA
8537	1.267784	-0.01482	637.4679	6.440124	141	NA
790	1.26671	0.014808	255.1704	0.759623	NA	NA
5892	1.266614	0.014807	511.2557	4.237567	256	NA
8082	1.266413	-0.01481	475.341	5.946995	65	NA
3231	1.265062	-0.01479	324.0749	2.485453	346	NA
5841	1.26498	0.014788	875.3587	4.203079	256	NA
91	1.264976	-0.01479	218.9838	0.383134	97	NA
7796	1.264245	0.01478	393.2611	5.727224	278	NA
8035	1.263851	-0.01478	389.1117	6.08897	466	NA
1964	1.263786	0.014774	156.1022	1.745971	NA	NA
8007	1.263095	-0.01477	179.1431	5.925354	469	NA
4366	1.262754	0.014762	675.3216	3.220665	NA	NA
11670	1.262523	-0.01476	1000.729	8.824698	141	NA
4323	1.262048	0.014754	500.2772	3.14226	NA	NA
5885	1.261164	0.014744	371.2584	4.182362	493	"Candidate Tetrahydroxylated bile acid (delta mass -54.0318; sirius atomic difference: -6H, -3O; buddy atomic difference: -6H, -3O; spectral library match to CCMSLIB00005465142, ""(4R)-4-((3S,5S,7S,9S,10S,13R,14S,17R)-3,7-dihydroxy-10,13-dimethyl-12-oxohexadecahydro-1H-cyclopenta[a]phenanthren-17-yl)pentanoic acid"")"
1134	1.261071	0.014743	377.1921	1.110843	NA	NA
3866	1.261043	0.014742	385.1607	2.878807	482	NA
2638	1.261028	-0.01474	431.2137	2.193776	NA	NA
4604	1.260847	0.01474	229.1425	3.3883	389	NA
8205	1.260412	-0.01473	223.0636	6.088849	466	NA
1131	1.260287	-0.01473	326.1461	1.003694	NA	NA
3116	1.260251	-0.01473	293.1616	2.390023	NA	NA
2831	1.260104	-0.01473	318.1429	2.286042	NA	NA
6157	1.257121	0.014696	383.327	4.446937	NA	NA
6887	1.256442	-0.01469	644.4222	5.001216	80	NA
1778	1.255752	0.01468	407.1926	1.511912	NA	NA
1936	1.255282	0.014675	204.0869	1.72178	NA	NA
7265	1.25508	-0.01467	452.3139	5.231854	NA	NA
2687	1.254986	0.014671	374.1693	2.237977	NA	NA
5184	1.254687	0.014668	397.3064	3.880716	477	NA
4692	1.254329	-0.01466	512.345	3.370115	NA	NA
2647	1.253605	-0.01466	453.1958	2.20278	NA	NA
6788	1.253298	0.014652	464.3342	4.966388	NA	Ala-DCA
5584	1.252994	0.014648	907.4083	4.056691	NA	NA
8661	1.25295	-0.01465	710.5158	6.55511	141	NA
3589	1.252793	-0.01465	390.1662	2.700308	4	NA
4938	1.252564	0.014643	479.2279	3.557	256	NA
676	1.252538	0.014643	273.6553	0.717877	NA	NA
3971	1.252045	0.014637	241.1435	2.958453	42	NA
701	1.251882	0.014635	365.1923	0.737731	205	NA
3421	1.25119	-0.01463	285.0848	2.625695	8	NA
1455	1.251163	0.014627	254.1389	1.161294	NA	NA
1473	1.250658	-0.01462	374.1383	1.32556	NA	NA
7605	1.249538	0.014608	497.3436	5.599055	443	NA
6694	1.249226	0.014604	404.3007	4.843788	38	NA
215	1.247953	0.014589	543.1326	0.440493	205	NA
6559	1.24672	-0.01457	329.2686	4.754995	109	NA
3361	1.246084	-0.01457	565.2984	2.653157	NA	NA
9535	1.244585	-0.01455	695.5054	7.285616	141	NA
2131	1.244043	-0.01454	332.1342	1.919767	82	NA
4268	1.242377	-0.01452	346.2225	3.168853	NA	NA
3578	1.240186	0.014498	298.1864	2.703086	509	NA
1574	1.239408	0.014489	359.2289	1.404921	184	NA
1412	1.239272	0.014488	519.2567	1.286801	NA	NA
6496	1.239007	-0.01448	711.3284	4.705472	1	NA
2584	1.23889	-0.01448	529.2016	2.179859	NA	NA
6208	1.238613	0.01448	460.2445	4.483085	409	NA
581	1.238314	-0.01448	212.0918	0.621174	NA	NA
4518	1.236095	-0.01445	805.3473	3.334597	NA	NA
8521	1.235804	-0.01445	520.3952	6.413514	141	NA
4925	1.235215	0.01444	353.2316	3.592094	NA	NA
2459	1.234327	-0.01443	745.3665	2.107837	82	NA
8790	1.232821	-0.01441	223.0634	6.672272	441	NA
11131	1.232631	-0.01441	590.4403	8.394583	141	NA
8745	1.231826	-0.0144	348.2872	6.644393	218	NA
2088	1.230445	0.014385	488.3195	1.883502	82	NA
3615	1.229235	0.01437	234.0739	2.722857	370	NA
11658	1.229095	-0.01437	1001.228	8.839802	141	NA
9650	1.228368	-0.01436	688.8182	7.377164	141	NA
1074	1.227824	0.014354	201.0736	1.034808	175	NA
3148	1.227102	0.014345	427.208	2.431618	172	NA
8687	1.225602	-0.01433	756.5029	6.602653	141	NA
6898	1.225391	0.014325	492.2711	4.964586	NA	NA
8783	1.225331	-0.01432	481.1579	6.672066	441	NA
5142	1.22516	-0.01432	637.2752	3.697097	NA	NA
3453	1.22498	-0.01432	434.2028	2.725009	NA	NA
86	1.223102	-0.0143	241.9997	0.383546	97	NA
1781	1.222315	0.014289	464.2873	1.602289	NA	NA
4087	1.221789	0.014283	492.2803	3.016527	NA	NA
4025	1.221717	-0.01428	362.1687	2.97527	42	NA
6691	1.221326	-0.01428	421.3063	4.893294	192	NA
4616	1.221101	-0.01428	565.1435	3.369428	NA	NA
5415	1.220992	-0.01427	377.2801	3.95432	256	NA
108	1.220191	-0.01426	110.0091	0.386476	97	NA
3525	1.220133	-0.01426	340.1753	2.729363	NA	NA
1222	1.21993	0.014262	304.1868	0.984368	175	NA
2662	1.219756	0.01426	376.1872	2.220466	NA	NA
8210	1.219705	-0.01426	371.1012	6.088579	466	CAMPTOTHECIN
6274	1.21967	0.014259	381.2251	4.530767	NA	NA
8793	1.219613	-0.01426	464.1314	6.673084	441	NA
9230	1.219139	-0.01425	604.6917	7.072662	245	NA
281	1.219075	0.014252	522.2033	0.461187	205	Melezitose
7476	1.218234	0.014242	1061.654	5.4009	422	NA
1305	1.218087	0.01424	223.1078	1.185385	175	NA
1177	1.217522	0.014233	475.1804	1.101745	175	NA
4734	1.217413	0.014232	593.3597	3.428572	101	NA
2704	1.217211	-0.01423	130.1593	2.238923	NA	NA
3402	1.2171	-0.01423	147.0443	2.713025	407	p_coumaric acid
3813	1.216708	-0.01422	192.0657	2.86123	100	2-oxindole-3-acetic acid CollisionEnergy:102040
2788	1.21649	0.014221	334.0905	2.312431	NA	NA
5728	1.21643	0.014221	293.211	4.134367	256	NA
5299	1.216363	0.01422	642.3155	3.84116	NA	NA
3047	1.216228	0.014218	441.2715	2.390405	NA	NA
10229	1.21563	-0.01421	741.8529	7.734655	141	NA
4185	1.215385	0.014208	345.1657	3.088165	NA	NA
2416	1.214519	0.014198	293.1614	2.091738	NA	NA
10163	1.214006	0.014192	817.6111	7.743681	NA	NA
1596	1.2137	-0.01419	432.1383	1.425513	NA	NA
4012	1.213686	0.014189	312.2018	2.979525	373	NA
3383	1.21289	-0.01418	338.0872	2.597879	NA	NA
2070	1.212467	0.014174	367.1965	1.905424	NA	NA
8785	1.212456	-0.01417	371.101	6.672102	441	CAMPTOTHECIN
7078	1.212135	-0.01417	322.274	5.107789	141	Spectral Match to .alpha.-Linolenoyl ethanolamide from NIST14
2581	1.212126	-0.01417	515.2842	2.165267	NA	NA
1986	1.212125	-0.01417	479.2118	1.772454	60	NA
4514	1.211731	-0.01417	301.1543	3.286558	418	NA
204	1.210722	0.014154	851.2635	0.435566	205	NA
5217	1.21042	0.01415	441.2022	3.778411	44	Massbank:PR311024 Diferuloyl putrescine
6763	1.210296	-0.01415	422.1712	4.884312	80	NA
7092	1.209884	-0.01414	355.2631	5.110794	2	"Candidate Trihydroxylated bile acid (delta mass -54.0314; sirius atomic difference: -6H, -3O; buddy atomic difference: -6H, -3O; spectral library match to CCMSLIB00005464717, ""(4R)-4-((3S,5R,9S,10S,13R,14S,17R)-3-hydroxy-10,13-dimethyl-12-oxohexadecahydro-1H-cyclopenta[a]phenanthren-17-yl)pentanoic acid"")"
4834	1.209469	-0.01414	473.1427	3.538611	NA	NA
1935	1.209312	-0.01414	708.3179	1.758932	NA	NA
2314	1.208313	-0.01413	385.152	2.051236	NA	NA
7102	1.207321	-0.01411	338.2381	5.033746	13	NA
3294	1.207225	-0.01411	515.2836	2.517354	NA	NA
9296	1.207147	-0.01411	665.984	7.117866	141	NA
1005	1.205721	0.014095	262.1288	0.965334	NA	NA
1846	1.204678	0.014083	175.1236	1.632327	259	NA
8754	1.204638	-0.01408	543.3966	6.657095	141	NA
9115	1.204589	-0.01408	616.0982	6.942563	141	NA
1237	1.203827	0.014073	100.0763	1.104361	175	5_AMINOPENTANOATE
4095	1.203157	0.014066	474.29	3.048493	100	NA
6058	1.202964	0.014063	329.126	4.35528	226	NA
9901	1.202517	-0.01406	630.4529	7.53562	141	NA
2508	1.20129	0.014044	462.196	2.137816	428	NA
7995	1.201083	-0.01404	548.3715	5.914513	486	PC(20:2/0:0); [M+H]+ C28H55N1O7P1
5125	1.200587	-0.01404	538.281	3.700401	256	Spectral Match to Taurocholic acid from NIST14
1688	1.199859	0.014027	318.1663	1.492188	184	NA
1265	1.198539	-0.01401	391.2074	1.225484	NA	NA
621	1.198185	-0.01401	345.1811	0.675647	NA	NA
1234	1.198156	-0.01401	282.0884	1.139383	NA	NA
5162	1.197806	0.014003	384.2958	3.716697	NA	NA
2936	1.19725	-0.014	682.3531	2.329621	341	NA
11045	1.19697	0.013993	817.6098	8.311676	NA	NA
7768	1.19651	0.013988	331.1879	5.697949	128	NA
976	1.196468	-0.01399	290.1534	0.94095	NA	NA
8106	1.196406	-0.01399	675.9466	6.013123	141	NA
3506	1.196337	-0.01399	263.1029	2.635256	8	NA
9325	1.194811	-0.01397	723.5106	7.109476	141	NA
5040	1.194238	-0.01396	439.2228	3.611881	NA	NA
5962	1.19411	-0.01396	426.3217	4.413608	NA	"Candidate Trihydroxylated bile acid (delta mass 17.0263; buddy atomic difference: 3H, 1N; spectral library match to CCMSLIB00003137151, Spectral Match to Cholic acid from NIST14)"
1713	1.193767	-0.01396	393.2237	1.587564	184	NA
11697	1.193654	-0.01395	580.437	8.857061	141	NA
3980	1.193393	0.013951	227.1276	2.931201	100	NA
5649	1.192746	-0.01394	444.2961	4.128038	NA	NA
5647	1.192597	0.013942	389.2689	4.073964	67	"Candidate Tetrahydroxylated bile acid (delta mass -36.0236; sirius atomic difference: -4H, -2O; buddy atomic difference: -4H, -2O)"
1001	1.192508	-0.01394	413.1242	0.962988	NA	NA
4319	1.192503	0.013941	446.2654	3.18883	117	NA
6687	1.192275	-0.01394	340.2839	4.886796	NA	NA
3599	1.192022	-0.01394	313.1623	2.61042	509	NA
9004	1.191451	-0.01393	538.0527	6.874435	141	NA
1312	1.19118	-0.01393	533.294	1.204978	464	NA
1723	1.191149	-0.01393	461.3341	1.536414	184	Spectral Match to Leu-Val from NIST14
2318	1.190507	-0.01392	1077.423	2.046413	337	NA
4817	1.190189	0.013914	651.2891	3.567805	NA	NA
238	1.189747	-0.01391	148.1333	0.446395	345	NA
8843	1.189041	-0.0139	354.3001	6.718619	141	NA
8799	1.18867	-0.0139	463.1305	6.673423	441	NA
1639	1.188114	-0.01389	437.1559	1.446115	NA	NA
3462	1.187801	-0.01389	318.1912	2.653201	NA	NA
2533	1.187558	-0.01388	537.2666	2.144047	NA	NA
3644	1.187524	0.013883	435.2357	2.743118	509	NA
2643	1.18658	0.013872	236.1031	2.207642	NA	NA
5247	1.184606	0.013849	597.3638	3.773675	NA	NA
8794	1.184346	-0.01385	480.1573	6.67317	441	"Candidate Trihydroxylated bile acid (delta mass 70.8638; buddy atomic difference: 1C, -15H, 3N, 1S)"
5451	1.184338	0.013846	314.2325	3.993605	256	NA
2432	1.183784	-0.01384	602.2551	2.099044	NA	NA
7509	1.182833	-0.01383	484.3312	5.448247	141	NA
6886	1.182295	0.013822	211.1329	4.88796	46	NA
5012	1.182158	0.01382	490.3381	3.595558	256	NA
4569	1.182052	0.013819	441.2024	3.318543	NA	Massbank:PR311024 Diferuloyl putrescine
2310	1.18188	-0.01382	539.2151	2.03942	337	NA
8594	1.180434	-0.0138	680.4681	6.489258	141	NA
3131	1.179214	-0.01379	481.2667	2.42553	NA	NA
877	1.178441	-0.01378	409.1971	0.886777	NA	NA
1103	1.178094	0.013773	460.3132	1.033037	NA	NA
8872	1.175987	-0.01375	607.4399	6.760739	141	NA
8658	1.175428	-0.01374	711.0175	6.555091	141	NA
6722	1.174812	-0.01373	593.3334	4.85663	110	NA
5435	1.174771	-0.01373	605.2585	3.952241	256	NA
1814	1.174406	-0.01373	318.1443	1.694372	NA	NA
1737	1.174382	0.013729	362.1566	1.523362	184	NA
9023	1.174094	-0.01373	633.4676	6.930361	NA	NA
5002	1.173862	-0.01372	311.1603	3.598501	256	NA
3784	1.173824	0.013723	524.3067	2.848102	NA	NA
957	1.173625	0.01372	246.0374	0.935917	175	NA
7183	1.172398	0.013706	759.3722	5.176637	NA	NA
2873	1.17224	-0.0137	369.1786	2.310908	NA	NA
9005	1.172083	-0.0137	537.7182	6.873897	141	NA
6388	1.17185	0.0137	409.2562	4.736461	38	NA
1809	1.171774	0.013699	323.1602	1.596278	NA	NA
4921	1.171112	0.013691	441.2023	3.682452	NA	Massbank:PR311024 Diferuloyl putrescine
9069	1.170958	-0.01369	785.0226	6.916978	141	NA
2101	1.170887	-0.01369	322.1741	1.92404	312	NA
4724	1.169994	-0.01368	695.3805	3.426252	NA	NA
9966	1.169706	-0.01367	833.607	7.610791	141	NA
3189	1.169639	-0.01367	274.1763	2.482559	NA	NA
2769	1.169321	-0.01367	471.2385	2.251312	NA	NA
1590	1.169138	-0.01367	587.377	1.409543	NA	NA
9692	1.169119	-0.01367	674.1433	7.409062	141	NA
6310	1.168908	-0.01367	295.2268	4.460706	248	NA
6437	1.168903	-0.01367	408.1556	4.660775	NA	NA
2843	1.168739	-0.01366	297.1447	2.291123	214	NA
2266	1.167613	-0.01365	248.1143	2.023382	NA	NA
9137	1.167542	-0.01365	601.4256	6.978239	141	NA
8436	1.167422	-0.01365	727.4816	6.315941	141	NA
4837	1.167409	-0.01365	625.2842	3.498621	343	NA
9300	1.166222	-0.01363	665.4823	7.116498	141	NA
1012	1.166006	0.013631	171.0629	0.981903	175	NA
5722	1.165818	-0.01363	504.2629	4.122765	23	NA
2269	1.165406	0.013624	255.1338	1.95746	NA	NA
7877	1.164641	-0.01362	482.3605	5.806097	NA	Spectral Match to 1-Hexadecyl-sn-glycero-3-phosphocholine from NIST14
545	1.164295	0.013611	152.0569	0.685926	72	NA
1755	1.163222	0.013599	325.1755	1.555405	NA	NA
4173	1.162652	0.013592	519.2822	3.037706	42	NA
7841	1.162099	-0.01359	586.3975	5.77595	141	NA
4567	1.161921	0.013583	523.1752	3.33801	467	NA
9791	1.160055	-0.01356	552.0682	7.483877	141	NA
5276	1.159935	-0.01356	443.3036	3.842189	256	NA
10393	1.15885	-0.01355	698.163	7.827897	141	NA
8978	1.157915	-0.01354	614.9511	6.877082	141	NA
5659	1.157216	-0.01353	427.2669	4.077209	226	NA
6261	1.156747	0.013523	837.5485	4.554881	362	NA
3850	1.15638	0.013519	439.1862	3.045378	3	NA
8786	1.155185	-0.0135	445.12	6.67249	441	NA
7821	1.155166	-0.0135	295.2267	5.871988	469	Spectral Match to 9-Oxo-10E,12Z-octadecadienoic acid from NIST14
5468	1.154339	0.013495	431.3163	3.984644	NA	NA
3332	1.153733	0.013488	262.0147	2.573281	NA	NA
5843	1.15316	-0.01348	897.3426	4.206566	NA	NA
11075	1.152681	-0.01348	721.8463	8.348004	141	NA
1184	1.15078	0.013453	254.1601	1.073475	NA	NA
998	1.150403	0.013449	285.144	0.96006	NA	NA
4828	1.150015	-0.01344	179.1197	3.494095	256	NA
2387	1.149769	0.013441	277.1177	2.105462	NA	Spectral Match to PyroGlu-Phe from NIST14
608	1.148857	-0.01343	298.1871	0.568076	NA	NA
2738	1.148832	-0.01343	336.1559	2.231908	146	NA
4092	1.147905	-0.01342	445.1801	3.016859	42	NA
10754	1.147792	-0.01342	703.1685	8.093109	141	NA
7228	1.14718	-0.01341	330.2638	5.219215	NA	NA
1308	1.146577	-0.0134	544.257	1.189704	NA	NA
2914	1.146428	0.013402	241.105	2.296208	NA	NA
10324	1.145943	-0.0134	943.1663	7.775855	141	NA
2256	1.145592	0.013393	553.3328	2.006438	NA	NA
7350	1.14512	-0.01339	500.2749	5.359615	422	NA
8933	1.144843	-0.01338	842.0872	6.827176	141	NA
2959	1.144836	-0.01338	632.3617	2.339958	NA	NA
4926	1.144799	-0.01338	340.1757	3.56388	NA	NA
2677	1.143653	-0.01337	678.285	2.206481	NA	NA
4794	1.143475	-0.01337	293.2112	3.48831	256	NA
7164	1.142987	-0.01336	386.1997	5.169258	NA	NA
5633	1.142944	0.013362	611.3441	4.057993	301	NA
2444	1.14289	-0.01336	343.0938	2.100721	NA	NA
8915	1.142509	-0.01336	582.0787	6.801998	141	NA
9379	1.1419	-0.01335	708.5021	7.170892	141	NA
3130	1.141426	-0.01334	247.1079	2.421428	214	NA
1856	1.141261	-0.01334	497.2339	1.559583	NA	NA
9281	1.140028	-0.01333	604.4426	7.087164	245	NA
4960	1.139437	-0.01332	625.2841	3.590096	NA	NA
10901	1.138931	-0.01331	839.6064	8.207879	141	NA
2484	1.138442	0.013309	420.7509	2.129052	21	NA
2094	1.137656	-0.0133	361.1102	1.893844	82	NA
3254	1.137389	0.013297	336.2282	2.362833	200	NA
8873	1.136245	-0.01328	607.9413	6.760639	141	NA
7018	1.135975	-0.01328	353.209	5.034839	13	NA
5205	1.134993	0.013269	873.368	3.761741	81	NA
3078	1.134378	-0.01326	290.1002	2.397303	NA	NA
5679	1.133848	0.013255	309.206	4.003227	NA	NA
9101	1.133514	-0.01325	636.4605	6.946736	141	NA
6614	1.132823	0.013243	424.2368	4.775459	109	NA
9337	1.132745	-0.01324	620.7731	7.145959	141	NA
8914	1.13209	-0.01323	581.7442	6.800998	141	NA
3763	1.131772	0.013231	636.304	2.820996	NA	NA
6707	1.131231	-0.01322	406.2623	4.843909	191	NA
7774	1.130732	0.013219	339.2683	5.708308	195	NA
9338	1.130551	-0.01322	620.4386	7.143269	141	NA
5018	1.130481	-0.01322	427.1372	3.605841	NA	NA
1705	1.130088	-0.01321	166.0725	1.499835	268	NA
7548	1.130038	-0.01321	595.8902	5.490664	141	NA
5323	1.129842	-0.01321	518.2919	3.880825	NA	NA
8577	1.129282	0.013202	480.3191	6.51574	475	NA
8069	1.128961	-0.0132	601.4402	5.976023	141	NA
4040	1.127932	-0.01319	266.1377	3.013006	NA	NA
1192	1.127398	-0.01318	220.1181	1.104465	175	D-PANTOTHENIC ACID - 30.0 eV
10182	1.127324	-0.01318	756.8629	7.705958	141	NA
1062	1.126376	0.013168	282.143	1.022106	481	NA
999	1.126086	0.013165	613.3136	0.949942	NA	NA
3163	1.12591	-0.01316	463.1579	2.459043	NA	NA
2726	1.125891	-0.01316	421.2429	2.241794	NA	NA
4738	1.123716	0.013137	439.231	3.480265	NA	NA
5292	1.122979	-0.01313	447.2561	3.838375	256	NA
619	1.122523	0.013123	188.0919	0.615099	NA	NA
4990	1.120533	0.0131	545.334	3.577465	256	NA
8406	1.119776	-0.01309	349.2351	6.279881	NA	NA
9002	1.119063	-0.01308	692.1833	7.028775	245	NA
2759	1.119047	-0.01308	283.1088	2.245965	NA	NA
7339	1.118955	-0.01308	335.2192	5.282127	141	NA
8316	1.118691	-0.01308	353.2664	6.185919	NA	NA
10366	1.117894	-0.01307	921.1539	7.801906	141	NA
532	1.117631	-0.01307	289.1391	0.598105	138	NA
4757	1.117017	0.013058	490.2904	3.454344	83	NA
1233	1.116721	-0.01306	373.2084	1.139163	NA	NA
92	1.116698	-0.01305	265.0157	0.383275	97	NA
5041	1.116496	-0.01305	496.304	3.619061	256	NA
2485	1.116254	-0.01305	212.0916	2.17883	NA	NA
8822	1.115783	-0.01304	706.8585	6.851502	93	NA
2808	1.115724	-0.01304	230.1025	2.267552	196	NA
11701	1.115608	-0.01304	795.5723	8.844962	141	NA
3521	1.113994	-0.01302	463.1579	2.661415	NA	NA
11570	1.113009	-0.01301	1044.752	8.761546	141	NA
8155	1.112856	-0.01301	697.9589	6.056399	141	NA
1914	1.112547	-0.01301	496.2387	1.700563	351	NA
3930	1.11237	0.013004	249.11	2.964389	NA	NA
6422	1.112093	0.013001	834.6091	4.655326	105	"Candidate Trihydroxylated bile acid (delta mass 425.3133; sirius atomic difference: 20C, 39H, 7N, 3O; buddy atomic difference: 24C, 43H, 1N, 5O; spectral library match to CCMSLIB00005435981, Cholic acid)"
1066	1.11045	0.012982	194.0676	1.011518	NA	NA
4932	1.11038	-0.01298	384.2594	3.557562	256	NA
6611	1.109889	-0.01298	762.5212	4.798914	48	NA
6450	1.109812	0.012974	484.3631	4.68783	NA	"Candidate Dihydroxylated bile acid (delta mass 91.0624; sirius atomic difference: 3C, 9H, 1N, 2O; buddy atomic difference: 3C, 9H, 1N, 2O)"
6424	1.109685	0.012973	817.5827	4.65513	105	cholic acid - 40.0 eV
3475	1.108621	-0.01296	430.2669	2.640837	275	NA
1843	1.108368	0.012957	192.0692	1.636732	334	NA
3654	1.108167	-0.01296	276.1266	2.750835	NA	NA
2990	1.107983	0.012953	162.0551	2.481706	509	Spectral Match to Indole-2-carboxylic acid from NIST14
9246	1.107739	-0.01295	659.8031	7.077517	141	NA
4411	1.106936	0.012941	488.2526	3.255074	42	NA
2722	1.106934	0.012941	391.208	2.230515	36	NA
6014	1.106666	-0.01294	315.2531	4.182466	35	NA
6423	1.106127	0.012931	355.2632	4.619822	105	Spectral Match to Cholic acid from NIST14
4733	1.106113	-0.01293	417.1545	3.43833	NA	NA
7767	1.105308	0.012922	309.2059	5.704242	128	NA
3451	1.104935	-0.01292	596.3774	2.620332	131	NA
8149	1.103755	0.012903	395.2769	6.049092	NA	NA
6186	1.102728	0.012891	454.3165	4.46441	409	NA
10353	1.102535	-0.01289	881.3116	7.76688	NA	NA
7829	1.100569	0.012866	371.279	5.741367	278	"Candidate Trihydroxylated bile acid (delta mass -38.0361; sirius atomic difference: -6H, -2O; buddy atomic difference: -6H, -2O)"
3238	1.100155	0.012861	310.1752	2.477602	214	NA
3799	1.100008	-0.01286	627.3195	2.85939	NA	NA
403	1.099924	0.012859	212.1031	0.579039	NA	Candidate 3-methylhistidine-C2:0 (delta mass:42.01)
9204	1.099811	-0.01286	848.594	7.027107	141	NA
997	1.099203	0.01285	323.1599	0.976668	175	NA
9459	1.098906	-0.01285	672.4895	7.236119	141	NA
5031	1.098308	0.01284	698.3219	3.619851	NA	NA
1161	1.098239	0.012839	152.0708	1.101857	164	NA
4875	1.098062	-0.01284	771.3688	3.524132	NA	NA
239	1.097597	0.012831	343.1236	0.453948	205	LACTULOSE
5082	1.097383	-0.01283	477.2676	3.663213	256	NA
2192	1.097197	0.012827	223.1178	1.981378	273	NA
3147	1.097022	-0.01282	431.2507	2.425236	66	NA
2669	1.096921	0.012824	585.3723	2.207716	NA	NA
6982	1.096901	0.012823	503.3707	5.036979	NA	NA
4746	1.096463	-0.01282	457.2337	3.447728	285	NA
2799	1.096105	-0.01281	368.2177	2.271408	214	NA
4696	1.095802	-0.01281	270.1701	3.415779	476	NA
1057	1.095746	0.01281	417.1841	1.05739	71	NA
4291	1.093889	-0.01279	385.22	3.158012	NA	NA
8974	1.093163	-0.01278	820.0749	6.852994	141	NA
7362	1.093134	-0.01278	483.3082	5.301853	NA	NA
6583	1.093104	-0.01278	395.2961	4.808815	447	NA
6308	1.092663	0.012774	502.2958	4.565964	272	NA
245	1.091865	0.012764	266.1599	0.415096	205	NA
863	1.091259	-0.01276	359.2289	0.882558	NA	NA
6371	1.089913	-0.01274	545.3094	4.582181	NA	NA
2202	1.089432	-0.01274	427.1399	1.96921	NA	NA
7027	1.08933	0.012735	534.3471	5.035968	NA	NA
9104	1.088604	-0.01273	636.9627	6.949267	141	NA
2787	1.088405	0.012724	288.0174	2.266889	68	NA
906	1.088352	0.012723	149.0599	0.897693	293	Spectral Match to Tropic acid from NIST14
4082	1.087436	0.012713	440.2549	3.009767	NA	NA
7318	1.087286	0.012711	464.3182	5.273901	NA	NA
1869	1.086038	-0.0127	405.137	1.662707	229	NA
7405	1.086024	-0.0127	760.5046	5.382018	141	NA
9428	1.085994	-0.0127	914.6518	7.201438	141	NA
9998	1.08565	-0.01269	747.197	7.595268	141	NA
2336	1.084547	0.012679	209.0901	2.059869	NA	NA
1048	1.083782	-0.01267	251.1005	1.019807	203	NA
7468	1.083652	0.012668	1039.672	5.400205	422	NA
6664	1.083252	0.012664	410.26	4.83904	38	NA
7347	1.083219	0.012663	680.3688	5.289687	294	NA
1049	1.082198	0.012651	137.046	0.983367	NA	HYPOXANTHINE
9378	1.081702	-0.01265	554.1761	7.164035	349	NA
5527	1.080865	0.012636	546.2605	4.008761	256	NA
4237	1.080694	-0.01263	609.3135	3.12721	42	NA
397	1.080206	-0.01263	265.0905	0.452018	NA	NA
1180	1.079948	0.012625	258.074	1.092265	175	NA
3420	1.078851	-0.01261	456.2821	2.654548	NA	NA
2490	1.076561	-0.01259	685.292	2.13547	324	NA
7728	1.076465	-0.01258	602.899	5.67444	141	NA
4978	1.076006	0.012579	180.102	3.584155	NA	NA
1461	1.075817	0.012577	334.1863	1.303468	NA	NA
796	1.075166	-0.01257	248.1009	0.817973	388	NA
4157	1.074594	0.012563	209.0803	3.018487	NA	NA
3191	1.073964	-0.01256	229.105	2.632745	8	NA
2247	1.073723	0.012552	309.1924	2.047445	NA	NA
4989	1.073578	-0.01255	267.1206	3.599445	NA	NA
7451	1.073298	-0.01255	277.2374	5.380713	NA	NA
2570	1.073234	0.012547	365.1804	2.210885	NA	NA
5375	1.072836	0.012542	423.2739	3.896817	NA	NA
1677	1.072439	-0.01254	280.0487	1.48534	NA	NA
1155	1.071698	0.012529	290.1595	1.090248	122	O-adipoylcarnitine
2471	1.071285	-0.01252	982.7815	2.111606	NA	NA
914	1.071035	0.012521	587.315	0.818146	NA	NA
1322	1.070676	-0.01252	595.2824	1.21317	401	NA
3322	1.070426	-0.01251	334.2122	2.559001	NA	NA
9042	1.06852	-0.01249	763.5103	6.867386	141	NA
10376	1.068489	-0.01249	921.655	7.801357	141	NA
1207	1.068298	0.012489	247.1111	1.118154	175	NA
2205	1.068136	0.012487	243.0531	2.001876	57	NA
5104	1.068112	-0.01249	403.194	3.673677	256	NA
5759	1.067919	0.012485	488.2487	4.152875	256	NA
6271	1.067904	0.012484	329.2321	4.542136	NA	NA
5410	1.067752	-0.01248	607.2736	4.022858	256	NA
2115	1.067592	0.012481	236.1283	1.922206	NA	NA
3751	1.06747	-0.01248	538.2226	2.81403	NA	NA
4830	1.067344	0.012478	454.2552	3.488864	NA	NA
4435	1.067058	0.012474	510.2348	3.243105	42	NA
2773	1.067019	0.012474	251.1382	2.139614	NA	NA
6651	1.066593	-0.01247	331.2478	4.810283	438	"Candidate Pentahydroxylated bile acid (delta mass -110.0374; sirius atomic difference: -6C, -6H, -2O; buddy atomic difference: -6C, -6H, -2O)"
11434	1.066309	-0.01247	1131.328	8.660552	11	NA
474	1.066145	0.012464	416.2618	0.582393	NA	NA
2299	1.066079	0.012463	298.186	2.036677	273	NA
1732	1.065944	0.012461	410.2019	1.531253	500	NA
7234	1.065877	0.012461	323.2196	5.21259	74	NA
4681	1.065589	-0.01246	544.3125	3.353363	NA	NA
9472	1.064442	-0.01244	892.6389	7.267026	141	NA
4260	1.064267	0.012442	507.242	3.136558	42	NA
5897	1.064187	0.012441	533.2378	4.240257	256	NA
3606	1.063867	-0.01244	409.1836	2.711442	NA	NA
6453	1.063596	0.012434	291.1955	4.643497	210	NA
1868	1.063158	0.012429	243.134	1.6369	259	NA
4629	1.062961	0.012427	673.2906	3.37229	NA	NA
6793	1.062771	0.012424	633.3576	4.910539	NA	NA
1175	1.062659	0.012423	249.0847	1.118809	175	NA
2657	1.06238	-0.01242	416.1559	2.206121	413	NA
9380	1.062272	-0.01242	658.4912	7.169601	141	NA
5957	1.061171	-0.01241	605.2977	4.268152	NA	NA
3614	1.061021	-0.0124	360.1936	2.737178	NA	NA
5638	1.06062	0.012399	407.279	4.072423	NA	"Candidate Tetrahydroxylated bile acid (delta mass -18.0072; sirius atomic difference: -2H, -1O; buddy atomic difference: -2H, -1O; spectral library match to CCMSLIB00005464785, ""(R)-4-((3S,5S,7R,8R,9S,10S,13R,14S,17R)-3,7-dihydroxy-10,13-dimethyl-12-oxohexadecahydro-1H-cyclopenta[a]phenanthren-17-yl)pentanoic acid"")"
1950	1.06025	-0.01239	608.3152	1.741818	NA	NA
6777	1.060216	0.012394	281.2112	4.893501	265	NA
2719	1.059957	-0.01239	355.1498	2.233494	190	NA
3611	1.059863	0.01239	322.1762	2.709918	NA	NA
8973	1.059756	-0.01239	819.5732	6.852922	141	NA
1708	1.059339	0.012384	302.2075	1.499872	184	NA
11073	1.058666	-0.01238	722.5159	8.353419	141	NA
2679	1.05861	-0.01238	452.2134	2.228519	36	NA
2957	1.058485	-0.01237	389.24	2.416341	NA	NA
3043	1.058372	-0.01237	286.2492	2.389306	NA	NA
6727	1.057781	0.012366	481.2773	4.855549	NA	NA
1111	1.057314	-0.01236	364.1113	1.06494	175	NA
8994	1.056717	-0.01235	673.4966	6.878683	141	NA
3901	1.056488	0.012351	520.3338	2.907657	NA	NA
4698	1.056319	0.012349	397.3065	3.427777	285	NA
9739	1.055708	-0.01234	659.1332	7.448976	141	NA
1693	1.055396	0.012338	215.1392	1.48986	NA	NA
8322	1.055041	-0.01233	565.7616	6.261344	27	NA
2660	1.054837	0.012332	730.1677	2.21194	NA	NA
1334	1.054729	0.01233	445.2412	1.240207	NA	NA
6746	1.054451	0.012327	471.3316	4.881661	NA	NA
7103	1.05443	0.012327	367.2464	5.155566	NA	NA
1973	1.054355	-0.01233	466.23	1.773266	NA	NA
5016	1.05414	-0.01232	293.1497	3.599321	256	NA
7170	1.053649	-0.01232	295.2267	5.158172	141	Spectral Match to 9-Oxo-10E,12Z-octadecadienoic acid from NIST14
8738	1.053631	-0.01232	633.2164	6.766174	NA	NA
680	1.051978	-0.0123	193.1338	0.718521	17	NA
7997	1.051909	-0.0123	498.3461	5.91355	141	NA
1583	1.051706	0.012295	531.3513	1.399227	NA	NA
334	1.051144	-0.01229	144.1021	0.506571	321	Stachydrine (L-proline betaine)
5024	1.050792	-0.01228	655.2367	3.605298	NA	NA
4426	1.050566	-0.01228	939.4132	3.256391	42	NA
9215	1.04985	-0.01227	687.4962	7.051158	141	NA
1770	1.049384	-0.01227	206.045	1.573055	399	NA
6125	1.04935	0.012267	424.3059	4.423512	14	"Candidate Tetrahydroxylated bile acid (delta mass -0.9842; buddy atomic difference: 1C, -3H, 5N, -5O)"
7537	1.049262	0.012266	330.2637	5.3608	87	NA
2796	1.049082	-0.01226	427.2188	2.265253	NA	NA
8930	1.048581	-0.01226	856.6098	6.817664	141	NA
8961	1.048086	-0.01225	659.4767	6.835729	141	NA
6919	1.048045	0.012252	426.2614	4.98109	NA	NA
6601	1.047823	-0.01225	434.3038	4.792594	48	NA
2708	1.047299	-0.01224	425.2371	2.240327	36	NA
1862	1.047111	-0.01224	266.033	1.664889	NA	NA
8282	1.045629	-0.01222	652.4744	6.155216	141	NA
5058	1.044647	-0.01221	481.2311	3.608752	104	NA
8039	1.044537	-0.01221	594.31	5.96144	NA	NA
866	1.04446	0.01221	228.1596	0.869754	276	NA
2056	1.044432	-0.01221	216.1021	1.849159	515	NA
1313	1.044195	0.012207	513.3407	1.210514	175	NA
5716	1.043834	0.012203	327.2167	4.034979	NA	NA
1874	1.043097	-0.01219	356.1452	1.679464	NA	NA
7874	1.04296	-0.01219	423.3288	5.941227	379	NA
6521	1.042946	0.012193	570.3852	4.724404	1	NA
4363	1.042436	0.012187	592.2987	3.216942	42	NA
6339	1.041807	-0.01218	616.427	4.585595	495	NA
9408	1.041746	-0.01218	672.992	7.208387	141	NA
2279	1.04164	0.012177	257.0956	2.02909	446	NA
2189	1.041349	-0.01217	608.2659	1.972189	NA	NA
9823	1.041155	-0.01217	737.5165	7.50753	141	NA
4913	1.040201	-0.01216	449.1688	3.546643	NA	NA
10756	1.040105	-0.01216	800.902	8.098253	141	NA
5948	1.040036	-0.01216	398.2903	4.284278	NA	NA
9943	1.04002	-0.01216	834.6053	7.574217	141	NA
1104	1.039766	0.012155	252.0845	1.067842	164	NA
789	1.038648	-0.01214	154.05	0.802687	410	NA
7787	1.038248	-0.01214	624.9112	5.722649	141	NA
7289	1.037756	0.012132	455.3105	5.244565	141	NA
6690	1.03752	-0.01213	1074.589	4.835421	338	NA
11059	1.037259	-0.01213	605.1158	8.342089	141	NA
3288	1.036608	-0.01212	208.0606	2.526629	509	NA
6531	1.036301	0.012115	233.1174	4.735534	350	NA
5856	1.036239	0.012114	727.3312	4.219778	256	NA
3243	1.036036	-0.01211	263.1395	2.572835	523	NA
6965	1.035883	-0.01211	285.2423	5.010267	NA	NA
4557	1.034331	0.012092	394.1502	3.337507	NA	NA
5272	1.033991	-0.01209	381.3112	3.85396	NA	NA
2100	1.033879	-0.01209	559.3564	1.874183	NA	NA
1428	1.033573	-0.01208	382.1712	1.289917	184	NA
6616	1.033272	-0.01208	718.495	4.800747	48	NA
4453	1.032801	0.012074	670.3492	3.280802	256	NA
5364	1.032378	0.012069	515.2831	3.872574	NA	NA
7001	1.031404	-0.01206	315.2529	5.035778	13	NCGC00381425-01!8-hydroxy-8-(3-octyloxiran-2-yl)octanoic acid
1447	1.03037	-0.01205	859.8508	1.290236	184	NA
10642	1.029578	0.012036	817.6093	8.027294	NA	NA
3775	1.029281	-0.01203	908.4371	2.82447	NA	NA
6352	1.029093	-0.01203	748.5055	4.592831	495	NA
1795	1.028869	0.012028	288.192	1.586708	184	NA
7963	1.028576	-0.01202	351.2506	5.878753	NA	NA
10597	1.028569	-0.01202	761.5385	7.967603	141	NA
8951	1.028546	-0.01202	721.2027	6.95598	93	NA
2968	1.028272	0.012021	283.1756	2.343268	267	NA
8607	1.027741	-0.01201	761.5317	6.496138	141	NA
7342	1.027325	0.01201	485.324	5.291589	NA	NA
1181	1.027162	-0.01201	617.2646	1.21143	401	NA
11652	1.02635	-0.012	824.9219	8.81876	141	NA
2527	1.026184	0.011997	396.7223	2.149351	NA	NA
11300	1.025755	-0.01199	785.5551	8.551511	141	NA
6789	1.025748	-0.01199	293.2109	4.934995	80	(10E,15E)-9,12,13-trihydroxyoctadeca-10,15-dienoic acid
5006	1.025572	-0.01199	599.2705	3.553405	NA	NA
5314	1.025512	0.011989	392.2181	3.870397	256	NA
3354	1.025416	-0.01199	469.1757	2.61238	NA	NA
5318	1.025156	0.011985	512.2034	3.892786	NA	NA
10011	1.025143	-0.01198	601.1006	7.612085	141	NA
4258	1.025106	-0.01198	177.0546	3.126719	NA	FERULATE
7890	1.024802	-0.01198	668.9388	5.812378	141	NA
5086	1.024339	0.011975	606.318	3.662846	NA	NA
5802	1.024059	-0.01197	676.4483	4.186688	256	NA
3009	1.02381	-0.01197	464.7354	2.374284	NA	NA
3303	1.023635	0.011967	190.05	2.522873	509	4-HYDROXY-2-QUINOLINECARBOXYLIC ACID - 60.0 eV
5706	1.02336	-0.01196	685.2542	4.100796	488	NA
5729	1.022784	0.011957	422.2574	4.123286	NA	NA
3455	1.022362	0.011952	265.1176	2.726626	NA	NA
5929	1.021622	0.011943	394.2261	4.280393	NA	NA
5650	1.021468	0.011941	593.333	4.113075	NA	NA
4909	1.019879	0.011923	411.2357	3.572657	NA	NA
10959	1.018982	-0.01191	766.2074	8.255849	141	NA
2402	1.018532	-0.01191	482.244	2.075591	NA	NA
1377	1.018333	0.011905	277.0699	1.249983	363	NA
11451	1.018135	0.011903	817.6109	8.647596	NA	NA
3348	1.018088	0.011902	294.0643	2.582635	8	NA
8621	1.01803	-0.0119	658.453	6.510302	141	NA
1423	1.017809	-0.0119	342.156	1.279168	NA	NA
4341	1.017504	-0.0119	571.2746	3.20311	42	NA
3620	1.01714	-0.01189	222.0763	2.703624	407	NA
867	1.016657	0.011885	339.117	0.941625	NA	NA
6938	1.016396	-0.01188	441.3115	4.997543	80	NA
2275	1.01594	0.011877	358.1134	2.039305	NA	NA
3347	1.014738	0.011863	588.2823	2.580144	NA	NA
1786	1.014688	0.011862	334.1869	1.542208	339	NA
1475	1.014115	-0.01186	483.2928	1.325822	184	NA
3720	1.014034	0.011855	279.1705	2.804338	NA	Spectral Match to Phe-Leu from NIST14
5956	1.013889	-0.01185	373.274	4.243285	432	"Candidate Trihydroxylated bile acid (delta mass -36.0217; sirius atomic difference: -4H, -2O; buddy atomic difference: -4H, -2O; spectral library match to CCMSLIB00005464977, ""(4R)-4-((3R,5R,6R,7S,9S,10R,13R,14S,17R)-3,6,7-trihydroxy-10,13-dimethylhexadecahydro-1H-cyclopenta[a]phenanthren-17-yl)pentanoic acid"")"
6340	1.012851	-0.01184	267.1955	4.585552	NA	NA
2609	1.012849	-0.01184	274.2015	2.186372	433	NA
1273	1.012787	0.01184	168.0657	1.170562	NA	NA
8040	1.012733	-0.01184	653.9327	5.963395	141	NA
8014	1.012139	-0.01183	294.2063	5.929672	NA	NA
8887	1.01175	-0.01183	620.7611	6.766161	NA	NA
7588	1.011587	-0.01183	572.4026	5.537792	141	NA
10039	1.010638	-0.01181	848.6104	7.653766	141	NA
6122	1.010493	0.011813	830.578	4.412024	14	NA
4958	1.010388	0.011812	527.2484	3.56772	NA	NA
4445	1.009609	-0.0118	380.1707	3.278272	NA	NA
8901	1.008953	-0.0118	717.522	6.793585	141	NA
1032	1.008808	-0.01179	441.187	1.000761	280	NA
11491	1.008785	-0.01179	1108.811	8.730058	11	NA
933	1.008718	0.011792	282.143	0.985466	481	NA
564	1.008378	-0.01179	213.1234	0.609663	NA	NA
2238	1.007612	-0.01178	325.1881	2.088989	NA	NA
2278	1.007246	-0.01178	595.3569	2.01244	NA	NA
5463	1.006519	-0.01177	651.2061	3.95834	NA	NA
6563	1.006091	-0.01176	360.1857	4.715572	62	NA
9398	1.00597	-0.01176	716.5164	7.18119	141	NA
1100	1.005125	0.01175	260.1606	1.036929	175	NA
7217	1.004538	-0.01174	448.3193	5.207454	141	NA
6861	1.004202	-0.01174	956.4742	4.944979	80	NA
2585	1.004182	0.011739	558.3617	2.167154	NA	NA
4210	1.004005	0.011737	282.1914	3.106012	462	NA
3848	1.003987	0.011737	457.2442	2.884598	NA	NA
3687	1.003941	-0.01174	377.1458	2.743319	NA	(?)-Riboflavin - 40.0 eV
9205	1.003557	-0.01173	687.9966	7.019579	141	NA
3921	1.003462	0.011731	542.2715	2.906995	NA	NA
8034	1.00289	-0.01172	615.4185	5.953705	141	NA
2684	1.002884	-0.01172	345.1302	2.220662	NA	NA
7246	1.002402	-0.01172	448.821	5.207273	141	NA
6990	1.002348	-0.01172	337.2348	5.041652	13	NA
1735	1.002241	0.011717	319.1373	1.343119	390	NA
1839	1.002134	0.011715	214.051	1.630726	334	NA
7208	1.002007	-0.01171	470.8343	5.192596	141	NA
2095	1.001923	-0.01171	362.192	1.943366	82	NA
10103	1.000911	-0.0117	790.5781	7.706779	245	NA
2593	1.000508	0.011696	218.1389	2.180308	NA	NA
11338	1.000313	-0.01169	770.545	8.583291	141	NA